31.5772280843,151,fdjkfwerkl,1911
47.8413933634,327,dvkwweqqdv,1540
16.9742698706,310,fwkerfvwjk,1867
5.1713785461,928,ewqkrjjrio,1387
7.0820373224,47,ewqkrjjrio,1421
52.0477741988,933,egwekjqwek,1238
28.7058081463,164,fweljrgprg,1972
7.9808763948,675,fweljrgprg,1752
54.2867290246,434,fweljrgprg,1572
38.998836978,211,fwkerfvwjk,1837
39.3124570605,966,fwkerfvwjk,1766
30.1233205659,167,dvkwweqqdv,1229
16.1440784572,661,egwekjqwek,1214
41.4513244057,621,fdjkfwerkl,1524
57.5476887327,454,fwkerfvwjk,1787
41.4926808586,29,fweljrgprg,1796
13.8787450554,978,ewqkrjjrio,1760
33.4092356672,230,ewqkrjjrio,1691
0.0201291034,65,ewqkrjjrio,1464
21.2240583022,789,werjlgjklw,1789
2.4714154455,562,ewqkrjjrio,1864
26.6883356523,725,egwekjqwek,1207
59.6385249203,103,dvkwweqqdv,1848
9.6101274404,607,fdjkfwerkl,1284
49.0072282166,888,ewqkrjjrio,1088
54.0706624557,415,fwkerfvwjk,1928
41.2342588322,91,fwkerfvwjk,1602
40.8677642269,197,dvkwweqqdv,1919
30.1965601101,521,werjlgjklw,1061
58.3366528865,256,fdjkfwerkl,1832
22.6313942681,35,ewqkrjjrio,1769
9.3618945516,958,fweljrgprg,1719
35.580667892,668,fweljrgprg,1495
41.6927883267,162,fdjkfwerkl,1933
39.7889861571,316,fdjkfwerkl,1903
49.3322892849,662,fwkerfvwjk,1961
40.8668295105,302,fdjkfwerkl,1034
15.5458535512,26,egwekjqwek,1804
4.4550513979,453,egwekjqwek,1871
21.9885929757,540,werjlgjklw,1640
1.4026771502,100,fwkerfvwjk,1773
25.3923255007,721,dffrorj492,1924
28.2234092296,184,ewqkrjjrio,1465
22.6592815147,354,fwkerfvwjk,1875
49.3648882018,600,dffrorj492,1235
52.5036347236,157,fweljrgprg,1349
55.9700780967,663,ewqkrjjrio,1005
24.252848352,845,ewqkrjjrio,1378
16.505553505,142,fweljrgprg,1617
5.7818436368,387,egwekjqwek,1102
11.3891637778,924,ewqkrjjrio,1729
40.2906384592,814,dffrorj492,1459
14.2293358811,636,dffrorj492,1230
20.3803162916,136,ewqkrjjrio,1812
43.0972053865,353,ewqkrjjrio,1569
10.7007308751,153,dvkwweqqdv,1030
10.2303010092,214,dvkwweqqdv,1594
18.3223310486,870,fwkerfvwjk,1075
58.6749615237,216,fweljrgprg,1788
55.1236867974,609,fdjkfwerkl,1362
12.0516918334,198,egwekjqwek,1279
3.3103012708,799,fwkerfvwjk,1017
29.4079126694,549,fwkerfvwjk,1221
36.33800484,667,egwekjqwek,1817
1.2871680355,781,werjlgjklw,1799
33.7835326011,473,fweljrgprg,1103
43.8159826926,770,ewqkrjjrio,1814
5.2350209603,806,egwekjqwek,1301
51.6920969245,991,ewqkrjjrio,1101
36.8059707372,741,fdjkfwerkl,1040
7.8348712927,183,fwkerfvwjk,1805
5.8616853871,826,dffrorj492,1956
52.9218849004,512,dvkwweqqdv,1004
57.8948735226,930,ewqkrjjrio,1716
12.8499933926,674,fweljrgprg,1046
21.7730595887,534,fdjkfwerkl,1765
27.0129898462,497,werjlgjklw,1792
48.4387098518,884,werjlgjklw,1435
59.8808707942,879,ewqkrjjrio,1779
7.6252882251,772,fwkerfvwjk,1659
3.1840164765,125,fweljrgprg,1940
4.9999282109,783,fweljrgprg,1345
18.3001969216,896,dvkwweqqdv,1303
20.6113848164,370,dffrorj492,1239
25.9379397414,402,fweljrgprg,1389
10.0300354171,288,ewqkrjjrio,1664
33.9234017191,673,ewqkrjjrio,1132
56.7796522931,359,fwkerfvwjk,1981
28.9278352784,332,fweljrgprg,1257
37.3429736105,579,fwkerfvwjk,1444
26.9926243156,217,fweljrgprg,1340
36.8990724396,5,fwkerfvwjk,1501
18.164572849,800,dvkwweqqdv,1295
50.0009012886,82,dffrorj492,1386
49.5353375795,94,fwkerfvwjk,1347
31.4802257073,577,dvkwweqqdv,1768
24.9631659282,623,fdjkfwerkl,1076
19.2252770429,292,ewqkrjjrio,1699
46.0325445976,140,egwekjqwek,1353
44.4060732103,80,dvkwweqqdv,1930
43.3436803096,935,fdjkfwerkl,1759
40.986904637,515,fwkerfvwjk,1466
59.5764792487,199,werjlgjklw,1487
58.7074462728,1,egwekjqwek,1390
29.7398578474,376,fweljrgprg,1313
23.6914817469,701,fweljrgprg,1208
41.1066498132,723,dffrorj492,1108
42.4055526772,645,fwkerfvwjk,1317
7.4537601269,851,dvkwweqqdv,1167
14.8610919412,186,fwkerfvwjk,1382
36.1127444684,223,egwekjqwek,1329
32.483553963,456,egwekjqwek,1633
47.4002104094,70,fweljrgprg,1473
6.9906840208,905,dffrorj492,1852
1.2866764018,836,dvkwweqqdv,1205
46.9770443029,841,dffrorj492,1038
16.7896665611,374,dffrorj492,1380
47.6049601611,8,dffrorj492,1450
59.072806162,791,dffrorj492,1273
11.3149220401,330,dffrorj492,1177
5.3972794101,363,dffrorj492,1271
39.7893335047,40,werjlgjklw,1731
5.4184989981,687,fwkerfvwjk,1754
46.4469813032,291,werjlgjklw,1403
21.0626359722,511,fwkerfvwjk,1117
24.7977977445,995,egwekjqwek,1721
21.0538791786,31,egwekjqwek,1681
6.905254708,775,fwkerfvwjk,1883
17.8786778612,356,egwekjqwek,1322
1.7057153179,709,werjlgjklw,1367
45.2798763953,956,fdjkfwerkl,1908
58.4002373583,853,fwkerfvwjk,1467
2.6254132868,742,fwkerfvwjk,1089
20.7002205106,794,dvkwweqqdv,1338
40.2583838662,801,egwekjqwek,1358
24.7065908524,339,fdjkfwerkl,1777
48.1381163245,858,dffrorj492,1793
22.7823717632,155,dvkwweqqdv,1582
12.8299920946,375,egwekjqwek,1708
3.0910077713,578,egwekjqwek,1276
58.2345830444,478,fweljrgprg,1429
15.3863368717,939,fwkerfvwjk,1745
55.6896053453,3,fdjkfwerkl,1457
42.7911736196,195,dffrorj492,1474
2.4265024323,682,fwkerfvwjk,1312
40.1339698954,93,fdjkfwerkl,1187
4.2855967137,565,fweljrgprg,1923
28.3286449336,620,dvkwweqqdv,1071
17.3742967273,818,dvkwweqqdv,1138
39.7368980491,293,fwkerfvwjk,1778
35.2076800519,784,egwekjqwek,1339
47.538333751,676,dvkwweqqdv,1758
38.5766674297,300,dffrorj492,1204
0.561083811,760,fdjkfwerkl,1408
59.951042784,881,ewqkrjjrio,1186
39.9997397631,196,dvkwweqqdv,1535
23.811057467,628,ewqkrjjrio,1261
53.1158589882,260,fdjkfwerkl,1926
13.0855563351,833,fwkerfvwjk,1341
55.0797026916,187,dffrorj492,1763
22.8660500404,335,dffrorj492,1656
4.9235074228,525,fweljrgprg,1975
44.0748559174,109,ewqkrjjrio,1660
53.293266491,678,dffrorj492,1491
38.3143345935,457,egwekjqwek,1985
17.0407244381,36,egwekjqwek,1124
59.7428952289,191,dvkwweqqdv,1723
2.053735403,412,werjlgjklw,1698
50.3595108008,43,dffrorj492,1044
0.9424567979,252,dffrorj492,1860
35.751169064,18,fweljrgprg,1741
52.3363997107,219,fwkerfvwjk,1935
44.9738763965,947,werjlgjklw,1505
34.62356271,734,werjlgjklw,1123
36.8741105862,688,dffrorj492,1657
25.8467493266,113,werjlgjklw,1414
49.4931561487,81,dvkwweqqdv,1391
18.4326194074,873,dvkwweqqdv,1128
56.118515593,931,fwkerfvwjk,1866
13.553373529,338,fweljrgprg,1757
36.1363972242,62,egwekjqwek,1462
20.5387155506,771,fweljrgprg,1909
4.2145663753,489,fwkerfvwjk,1269
28.8648325588,920,fdjkfwerkl,1062
46.3093433429,522,dffrorj492,1654
12.1058634041,726,dffrorj492,1931
43.9683956256,272,fdjkfwerkl,1988
48.445640266,898,dffrorj492,1321
7.9448642373,226,ewqkrjjrio,1583
16.1795263034,156,fwkerfvwjk,1845
2.9421429604,581,fwkerfvwjk,1753
39.6008268782,304,dvkwweqqdv,1008
30.757150118,921,dffrorj492,2000
37.0554607375,869,dvkwweqqdv,1463
47.8823774337,426,werjlgjklw,1873
40.3916824963,465,ewqkrjjrio,1786
27.1006895389,236,dvkwweqqdv,1670
1.9682289648,988,fweljrgprg,1537
7.4299047785,917,ewqkrjjrio,1470
59.1201980175,999,fdjkfwerkl,1576
5.1723951087,944,egwekjqwek,1564
0.4243438493,537,ewqkrjjrio,1678
2.5833644384,893,ewqkrjjrio,1518
25.6873077643,99,fdjkfwerkl,1800
21.6976789158,324,dffrorj492,1259
7.084568705,218,dffrorj492,1140
9.2613567106,351,werjlgjklw,1833
22.8612002142,135,fdjkfwerkl,1327
49.0045211117,44,ewqkrjjrio,1423
45.8560890733,722,dvkwweqqdv,1824
2.0674564256,403,egwekjqwek,1282
57.6359282252,476,fwkerfvwjk,1744
18.9842021466,854,fwkerfvwjk,1870
39.7636534278,847,werjlgjklw,1110
54.1080877702,119,fdjkfwerkl,1966
26.0802718173,782,fwkerfvwjk,1001
9.2424308067,706,dffrorj492,1724
29.1252948862,572,dvkwweqqdv,1626
26.1193958299,913,dffrorj492,1610
59.4974389424,586,fdjkfwerkl,1991
53.1649728419,864,werjlgjklw,1979
38.6877717871,204,fwkerfvwjk,1024
14.2412313277,313,fwkerfvwjk,1965
32.5053784629,730,dvkwweqqdv,1539
18.2030828924,975,ewqkrjjrio,1360
17.8372070231,129,egwekjqwek,1597
19.6416092135,551,dffrorj492,1406
45.2142327727,207,werjlgjklw,1315
14.0840779105,824,dvkwweqqdv,1881
11.1481175708,368,fwkerfvwjk,1822
13.4301090588,625,ewqkrjjrio,1048
15.2792016512,716,fdjkfwerkl,1854
57.8156097363,900,dvkwweqqdv,1941
24.4348416065,897,dvkwweqqdv,1838
57.5963080845,10,egwekjqwek,1718
44.9029483084,336,dvkwweqqdv,1782
38.2556317906,133,fweljrgprg,1544
46.6352524999,331,dffrorj492,1970
56.7277884963,148,fdjkfwerkl,1781
31.2745723037,593,ewqkrjjrio,1443
18.6791021743,876,fdjkfwerkl,1078
42.3127193474,253,dffrorj492,1168
29.0417522895,619,ewqkrjjrio,1950
27.9075609171,693,fweljrgprg,1331
18.3215218166,321,egwekjqwek,1311
41.9871494499,83,fwkerfvwjk,1689
14.0176284741,659,fweljrgprg,1638
49.4528285542,101,dffrorj492,1665
31.0016246365,643,ewqkrjjrio,1025
22.4742597195,959,fdjkfwerkl,1844
21.452365955,348,dffrorj492,1066
7.0739003756,649,fwkerfvwjk,1999
16.6426529929,862,fweljrgprg,1604
29.9121654895,863,fweljrgprg,1674
37.1099937854,739,fweljrgprg,1011
55.6839920355,166,dvkwweqqdv,1819
41.9275307677,427,fweljrgprg,1181
28.5966448066,570,egwekjqwek,1127
1.2812235927,2,werjlgjklw,1047
33.9578346665,22,werjlgjklw,1422
47.5967649848,239,dvkwweqqdv,1316
57.1586942881,134,egwekjqwek,1223
0.6159201514,169,ewqkrjjrio,1130
28.0007187067,264,fwkerfvwjk,1302
45.3761217834,963,fdjkfwerkl,1013
29.2137273567,859,egwekjqwek,1963
36.8678778179,414,dffrorj492,1872
28.1113398601,755,werjlgjklw,1666
3.5495155662,764,ewqkrjjrio,1653
18.0084611867,599,dffrorj492,1050
16.1233194816,598,egwekjqwek,1264
8.5042653083,670,fwkerfvwjk,1049
21.2017621109,603,dffrorj492,1739
51.0648892211,967,dffrorj492,1160
59.0826521892,88,dvkwweqqdv,1253
20.9782066646,843,dvkwweqqdv,1083
40.4127617366,181,ewqkrjjrio,1947
37.8989720477,700,fdjkfwerkl,1652
33.2626152486,816,dvkwweqqdv,1859
14.1084933838,175,egwekjqwek,1676
0.4230955951,821,werjlgjklw,1546
26.0274642528,552,ewqkrjjrio,1632
15.0821515692,365,ewqkrjjrio,1671
9.3426600561,450,egwekjqwek,1174
8.320726282,561,werjlgjklw,1596
17.2350045173,691,egwekjqwek,1960
39.2481953777,558,egwekjqwek,1547
29.8996055211,72,fdjkfwerkl,1846
38.4595080669,154,dvkwweqqdv,1874
7.5691242592,212,dvkwweqqdv,1222
13.2329292689,203,egwekjqwek,1922
5.9357917645,819,werjlgjklw,1114
11.0442213097,430,fwkerfvwjk,1896
25.9583463269,188,fweljrgprg,1706
16.5864531621,892,werjlgjklw,1137
12.9647677486,529,werjlgjklw,1404
10.4330780394,447,ewqkrjjrio,1855
17.8109208704,471,fweljrgprg,1305
25.7139624394,936,fwkerfvwjk,1987
17.2955240326,498,egwekjqwek,1736
24.9539783795,466,fwkerfvwjk,1809
41.446355811,868,dvkwweqqdv,1892
59.1019499411,830,ewqkrjjrio,1557
18.5107030988,779,ewqkrjjrio,1551
12.599729356,651,fweljrgprg,1619
25.9538372538,423,egwekjqwek,1080
3.0341876502,849,fdjkfwerkl,1015
43.8292809994,422,fweljrgprg,1668
21.5718894309,889,fwkerfvwjk,1242
18.9895129077,925,fdjkfwerkl,1680
56.3311650768,885,fwkerfvwjk,1455
56.9031209786,728,egwekjqwek,1584
49.4536114567,752,werjlgjklw,1967
7.6002529499,491,werjlgjklw,1948
56.7117076927,222,werjlgjklw,1292
23.2085447349,229,dvkwweqqdv,1106
19.5061005412,596,werjlgjklw,1436
16.6416972004,173,ewqkrjjrio,1189
20.2630208729,481,egwekjqwek,1296
35.8490986374,51,fweljrgprg,1917
46.9425297308,749,fwkerfvwjk,1621
42.6757911459,803,ewqkrjjrio,1243
17.5291069253,974,fdjkfwerkl,1856
35.5641399565,711,dffrorj492,1511
35.2808857447,334,dvkwweqqdv,1164
13.2221476812,825,fwkerfvwjk,1898
5.9308123392,604,dvkwweqqdv,1087
2.6157225859,17,dvkwweqqdv,1553
41.6953485118,647,fwkerfvwjk,1183
14.5582686065,751,dvkwweqqdv,1196
18.1888463268,669,werjlgjklw,1728
56.4244913667,560,dffrorj492,1179
33.9456107147,727,dvkwweqqdv,1095
54.775409448,927,dvkwweqqdv,1550
20.4305919605,759,ewqkrjjrio,1548
11.8152788381,909,ewqkrjjrio,1821
17.9932896264,73,fweljrgprg,1997
12.1187045819,837,fdjkfwerkl,1795
31.3081855554,964,dffrorj492,1020
57.2614731913,926,werjlgjklw,1978
47.9527826609,802,werjlgjklw,1418
44.9786114417,75,fdjkfwerkl,1589
29.8319353658,108,dvkwweqqdv,1171
29.5422645758,362,fwkerfvwjk,1439
47.4856827209,735,fweljrgprg,1826
54.747116957,865,fwkerfvwjk,1460
47.2154027136,126,egwekjqwek,1335
27.9781674819,630,ewqkrjjrio,1499
17.5994687631,405,egwekjqwek,1578
26.3834614696,122,fdjkfwerkl,1811
57.7301677949,192,ewqkrjjrio,1998
51.8974107484,979,fdjkfwerkl,1962
30.920715842,703,dvkwweqqdv,1692
12.9675815079,877,dffrorj492,1807
17.7190787175,307,fweljrgprg,1026
7.7404404095,290,fdjkfwerkl,1886
57.2733066871,554,egwekjqwek,1507
23.329259761,731,ewqkrjjrio,1136
24.5640578491,271,fdjkfwerkl,1246
26.9262564542,996,fdjkfwerkl,1523
5.7150005531,49,dvkwweqqdv,1035
52.0502387182,210,fwkerfvwjk,1810
30.4468063275,406,ewqkrjjrio,1662
6.304440404,105,fwkerfvwjk,1122
36.3745771444,111,ewqkrjjrio,1952
22.6011719296,337,egwekjqwek,1228
47.0300370075,165,fweljrgprg,1531
7.610382301,342,ewqkrjjrio,1388
38.5459333246,441,werjlgjklw,1424
3.4513856951,357,fdjkfwerkl,1490
59.3110904808,1000,werjlgjklw,1152
5.365368451,480,fwkerfvwjk,1032
18.1600224325,161,fdjkfwerkl,1565
14.0019041763,182,dffrorj492,1492
40.4075260251,744,dvkwweqqdv,1326
28.9495426204,280,fdjkfwerkl,1447
15.0903229463,681,fwkerfvwjk,1525
52.3591897745,12,fdjkfwerkl,1563
18.3791357096,23,dffrorj492,1894
47.2296932015,74,dvkwweqqdv,1185
28.1855231158,627,ewqkrjjrio,1165
24.2378982239,822,fdjkfwerkl,1973
50.7558256708,646,werjlgjklw,1682
48.5969742755,502,ewqkrjjrio,1468
12.1179698572,507,ewqkrjjrio,1673
2.981042424,416,fdjkfwerkl,1498
48.7797534625,626,dvkwweqqdv,1993
59.7292967112,831,fdjkfwerkl,1224
55.3603976281,989,egwekjqwek,1417
58.0586634671,777,dvkwweqqdv,1946
21.5289806218,613,dvkwweqqdv,1592
7.0614725413,71,ewqkrjjrio,1755
23.7623713633,914,dffrorj492,1571
25.9758232875,891,ewqkrjjrio,1644
44.7368927915,589,fweljrgprg,1771
43.1389251312,360,ewqkrjjrio,1237
54.3651753339,719,fwkerfvwjk,1865
49.7484798015,404,ewqkrjjrio,1734
39.2379854701,922,fweljrgprg,1195
1.7587646835,227,ewqkrjjrio,1051
12.3117554233,838,fweljrgprg,1433
54.4624292355,622,fwkerfvwjk,1451
41.5799897592,895,ewqkrjjrio,1471
40.3712834171,397,dffrorj492,1634
12.6126349087,486,dffrorj492,1740
15.0833895812,432,ewqkrjjrio,1989
22.1903060821,273,fwkerfvwjk,1707
41.564794579,259,fdjkfwerkl,1532
52.5348956943,965,ewqkrjjrio,1191
35.1606022592,761,dffrorj492,1514
10.828329887,750,dffrorj492,1125
57.4369586334,911,werjlgjklw,1897
22.4180339987,839,dvkwweqqdv,1834
3.194528869,84,werjlgjklw,1645
52.0908741224,940,fdjkfwerkl,1045
29.7202960129,527,werjlgjklw,1522
48.1792747244,746,werjlgjklw,1649
55.3105619435,320,ewqkrjjrio,1839
36.7832324632,305,werjlgjklw,1159
12.3771542989,938,egwekjqwek,1512
0.3148728873,78,fweljrgprg,1646
44.6793362103,67,fweljrgprg,1515
52.6610695522,685,fwkerfvwjk,1213
28.2442331317,556,fwkerfvwjk,1650
59.8609529283,37,ewqkrjjrio,1715
17.9509676828,286,werjlgjklw,1289
59.3029171764,658,dvkwweqqdv,1182
41.7839904031,852,fwkerfvwjk,1746
17.2221558209,652,fweljrgprg,1348
58.8327720359,251,fwkerfvwjk,1567
19.1862573057,205,dvkwweqqdv,1383
38.379270812,464,werjlgjklw,1118
44.487521442,424,fwkerfvwjk,1163
9.6941764414,352,fweljrgprg,1307
25.3215274898,929,ewqkrjjrio,1663
42.5708632574,247,dffrorj492,1784
25.2218900447,973,egwekjqwek,1442
28.5496027039,743,fwkerfvwjk,1085
14.7088859965,797,fwkerfvwjk,1568
1.3331048475,33,fweljrgprg,1904
8.2261175112,530,fweljrgprg,1955
0.9982965635,120,dffrorj492,1337
44.8383118023,249,werjlgjklw,1695
27.0925318073,27,fdjkfwerkl,1503
46.9082309771,575,fdjkfwerkl,1461
42.0192446701,358,dvkwweqqdv,1477
7.8102796377,660,fweljrgprg,1318
24.0912056447,278,fweljrgprg,1119
24.9870064609,710,fdjkfwerkl,1944
26.3097171564,431,egwekjqwek,1060
13.108183338,267,dffrorj492,1611
58.0999000326,243,fdjkfwerkl,1413
45.759188196,329,egwekjqwek,1385
52.9825498193,55,fwkerfvwjk,1566
19.3687145055,467,ewqkrjjrio,1500
21.2992334265,639,fdjkfwerkl,1580
28.7596552508,240,werjlgjklw,1265
50.4791760204,990,egwekjqwek,1332
12.9033079238,57,fweljrgprg,1958
34.4893415264,547,fwkerfvwjk,1065
59.863065707,250,dffrorj492,1294
12.3654179061,571,dvkwweqqdv,1709
1.772893312,526,egwekjqwek,1732
30.3278150551,848,fdjkfwerkl,1392
41.3402995136,899,dvkwweqqdv,1150
59.4945730442,686,werjlgjklw,1031
0.6326567816,202,dffrorj492,1932
29.8717123754,319,fwkerfvwjk,1630
19.1033426042,200,fwkerfvwjk,1808
48.5690174463,766,dvkwweqqdv,1776
25.6874547751,232,fweljrgprg,1438
42.0395887481,717,fwkerfvwjk,1942
43.436488616,6,ewqkrjjrio,1506
13.8776716316,179,egwekjqwek,1234
33.7048906796,435,dvkwweqqdv,1735
46.4694234837,932,fwkerfvwjk,1700
59.4049856117,656,fdjkfwerkl,1143
5.5106715741,812,fweljrgprg,1968
57.422242247,19,egwekjqwek,1193
2.1972332708,79,egwekjqwek,1823
12.1631579083,215,fweljrgprg,1283
17.5553274862,538,ewqkrjjrio,1528
54.4945917982,297,egwekjqwek,1542
20.3850885493,707,fwkerfvwjk,1197
41.8549478407,492,werjlgjklw,1996
57.2742544617,323,ewqkrjjrio,1363
20.1025604414,266,fwkerfvwjk,1306
46.52401686,452,fweljrgprg,1308
9.1874989483,695,dvkwweqqdv,1278
16.7837188424,665,ewqkrjjrio,1977
9.9090047403,856,fweljrgprg,1022
56.4145659559,279,dvkwweqqdv,1325
43.7332959756,459,dvkwweqqdv,1586
27.2485079696,539,dvkwweqqdv,1330
26.3687950786,949,dvkwweqqdv,1212
19.6210313196,277,dvkwweqqdv,1577
48.6014797196,997,fweljrgprg,1529
54.1809307332,261,ewqkrjjrio,1775
55.9055451424,455,werjlgjklw,1081
32.4152373806,399,ewqkrjjrio,1145
9.5714490171,98,fweljrgprg,1648
30.1102610171,588,dvkwweqqdv,1446
4.6446715019,64,fwkerfvwjk,1888
54.7425761688,635,dvkwweqqdv,1672
9.5322735205,86,dffrorj492,1054
42.585817794,550,dvkwweqqdv,1351
38.4899579239,672,ewqkrjjrio,1816
6.7742886699,901,dvkwweqqdv,1574
55.4517259031,4,fdjkfwerkl,1639
10.3290211734,234,ewqkrjjrio,1120
7.1934178525,276,fwkerfvwjk,1169
58.6652863032,878,dffrorj492,1877
9.5299153628,624,fdjkfwerkl,1850
27.0973318042,594,werjlgjklw,1847
9.0054673425,284,fwkerfvwjk,1142
43.1131276953,875,werjlgjklw,1162
42.3976163846,980,fwkerfvwjk,1737
10.2207182654,666,werjlgjklw,1415
8.670306904,915,werjlgjklw,1419
16.6589162496,524,dffrorj492,1624
55.8735575965,410,dvkwweqqdv,1629
44.610150224,705,dvkwweqqdv,1857
27.8277316594,149,dvkwweqqdv,1918
2.4102046235,301,dvkwweqqdv,1482
19.8317067948,106,fweljrgprg,1059
34.8347014078,919,fdjkfwerkl,1288
2.7202995907,76,ewqkrjjrio,1275
21.1243759896,906,fdjkfwerkl,1750
51.2155450771,874,ewqkrjjrio,1713
36.152458678,508,dffrorj492,1900
30.8539960537,994,dvkwweqqdv,1372
44.9494079281,11,dvkwweqqdv,1036
44.1845807951,418,fdjkfwerkl,1021
39.9946600962,56,dvkwweqqdv,1354
22.6430316595,713,fwkerfvwjk,1405
21.4706101741,190,dffrorj492,1328
1.2994338927,500,fdjkfwerkl,1945
6.4092777037,58,fweljrgprg,1217
14.1351859893,823,dvkwweqqdv,1861
3.0825603774,702,dvkwweqqdv,1901
1.8561725698,563,dvkwweqqdv,1906
45.0007127012,504,egwekjqwek,1558
3.4311960131,303,egwekjqwek,1082
46.9107710644,792,fwkerfvwjk,1849
0.8466593874,32,fweljrgprg,1905
29.4083030213,373,fwkerfvwjk,1267
56.8844944239,298,werjlgjklw,1890
59.7710097674,436,fwkerfvwjk,1683
34.9397465133,745,dvkwweqqdv,1233
54.4742339178,634,dffrorj492,1430
52.1196713539,344,egwekjqwek,1893
52.0127419927,506,fdjkfwerkl,1310
43.8771460273,886,fweljrgprg,1767
59.0612117518,127,dffrorj492,1725
29.6961965877,934,fweljrgprg,1063
57.060164906,318,dvkwweqqdv,1702
8.6350928979,532,fdjkfwerkl,1685
3.4649217285,112,dffrorj492,1480
18.6131363543,602,werjlgjklw,1827
10.528409273,68,dffrorj492,1449
9.7096042517,641,egwekjqwek,1974
40.913390291,309,ewqkrjjrio,1260
40.6506568981,494,fdjkfwerkl,1149
18.9343454114,976,fdjkfwerkl,1427
0.1260173988,817,fdjkfwerkl,1743
11.6280079634,248,fweljrgprg,1614
36.4292613637,213,ewqkrjjrio,1552
22.1987085643,46,dffrorj492,1249
45.4408425607,971,fweljrgprg,1231
58.9518599843,890,ewqkrjjrio,1637
35.3649162554,242,egwekjqwek,1055
38.3416400692,389,fweljrgprg,1357
49.0947063922,39,dffrorj492,1622
57.6481089128,805,ewqkrjjrio,1575
27.5605110023,513,egwekjqwek,1029
50.4597863427,237,ewqkrjjrio,1555
42.0619838377,583,ewqkrjjrio,1068
56.9069681338,957,ewqkrjjrio,1006
54.0403784864,270,fdjkfwerkl,1146
38.2007696663,786,fwkerfvwjk,1064
50.8631918993,180,dvkwweqqdv,1090
4.6337131524,268,ewqkrjjrio,1176
0.1690626346,753,fdjkfwerkl,1488
58.3484895294,114,dffrorj492,1381
12.5329196521,724,werjlgjklw,1801
32.3215098293,484,werjlgjklw,1943
44.3280757502,871,dffrorj492,1521
51.5708784213,419,dffrorj492,1107
1.9263288855,566,ewqkrjjrio,1835
27.2322060378,443,werjlgjklw,1371
50.6236811262,146,egwekjqwek,1476
39.9787031016,159,dvkwweqqdv,1056
29.5311509138,969,fweljrgprg,1694
39.8210730344,130,fweljrgprg,1277
47.3051520126,139,egwekjqwek,1863
50.4610912987,15,dvkwweqqdv,1530
39.9547660311,400,fweljrgprg,1201
14.4957290047,684,fwkerfvwjk,1304
2.1272507215,137,fwkerfvwjk,1100
19.9426672795,882,egwekjqwek,1241
43.8846846669,123,fwkerfvwjk,1226
13.385672611,163,egwekjqwek,1907
4.8194859096,364,dvkwweqqdv,1115
33.4740392353,221,ewqkrjjrio,1215
13.8855997512,437,dffrorj492,1300
15.9625926688,768,ewqkrjjrio,1218
21.4940491717,955,fwkerfvwjk,1982
1.5974178867,592,dffrorj492,1361
37.1032683731,907,fweljrgprg,1912
13.7621902556,369,ewqkrjjrio,1154
45.8459230376,715,egwekjqwek,1272
30.3233437972,986,egwekjqwek,1014
47.5892199223,809,ewqkrjjrio,1954
22.1433335524,683,fwkerfvwjk,1751
52.5596042324,844,dvkwweqqdv,1661
1.1910338298,145,fweljrgprg,1851
26.0559415691,642,werjlgjklw,1916
25.8658483736,867,egwekjqwek,1600
20.0061952402,827,fwkerfvwjk,1579
27.8332606335,883,fwkerfvwjk,1841
30.6941058125,77,fwkerfvwjk,1513
4.1262741553,912,fwkerfvwjk,1910
35.2483216954,241,fdjkfwerkl,1727
33.6144480118,718,egwekjqwek,1291
48.4185652868,872,fweljrgprg,1434
22.7407613306,637,fwkerfvwjk,1951
20.4232712841,388,dffrorj492,1762
43.3194285933,520,werjlgjklw,1643
50.280933899,343,dffrorj492,1701
32.648316103,810,fweljrgprg,1625
53.5365327634,225,fweljrgprg,1677
49.9536925822,820,fwkerfvwjk,1377
24.7159057988,528,fwkerfvwjk,1057
48.513942435,170,egwekjqwek,1651
23.1129745843,790,ewqkrjjrio,1402
3.986508827,206,egwekjqwek,1585
56.1387465362,632,dvkwweqqdv,1895
35.5595917495,193,werjlgjklw,1690
21.8765465866,371,fwkerfvwjk,1697
16.1860488587,946,dffrorj492,1232
36.7724281692,90,fdjkfwerkl,1401
29.68174804,611,fweljrgprg,1714
50.9557572289,984,fdjkfwerkl,1891
3.8515101772,413,dvkwweqqdv,1309
59.6841710695,50,fdjkfwerkl,1884
2.790459856,244,dffrorj492,1545
25.9705621958,385,egwekjqwek,1556
46.6007375447,698,egwekjqwek,1655
19.6597868318,555,fweljrgprg,1086
37.413289308,616,egwekjqwek,1764
24.9835785131,87,werjlgjklw,1299
50.0053657267,141,ewqkrjjrio,1194
48.3741834539,231,egwekjqwek,1397
50.1930854063,704,fweljrgprg,1400
53.0227150431,263,dvkwweqqdv,1244
0.1003115255,953,dvkwweqqdv,1058
25.6244681929,714,fdjkfwerkl,1206
17.4009945494,299,fdjkfwerkl,1092
49.2545780531,282,fdjkfwerkl,1368
14.2385697899,220,fweljrgprg,1250
53.9138059345,25,fwkerfvwjk,1324
43.005422404,664,ewqkrjjrio,1704
19.5410900084,918,fweljrgprg,1033
34.4901519545,850,ewqkrjjrio,1581
3.6839650136,328,fweljrgprg,1882
36.6462415026,235,dvkwweqqdv,1642
8.2092140326,429,ewqkrjjrio,1219
9.5301502177,580,egwekjqwek,1679
47.9333391409,655,egwekjqwek,1559
6.2007512311,501,werjlgjklw,1097
49.9361152675,394,dffrorj492,1705
9.13258653,54,dvkwweqqdv,1073
24.6084659445,546,fwkerfvwjk,1105
41.6023436617,446,fwkerfvwjk,1375
55.6445540986,787,egwekjqwek,1934
32.7901472136,174,fweljrgprg,1843
45.5405275632,269,werjlgjklw,1112
17.6699317134,631,fdjkfwerkl,1541
48.1758231578,395,fdjkfwerkl,1245
37.717358938,861,dffrorj492,1862
48.1573767646,778,egwekjqwek,1830
45.4610685527,828,fweljrgprg,1394
52.5709105342,462,fwkerfvwjk,1437
42.0061665731,951,fweljrgprg,1995
25.8335497227,804,dvkwweqqdv,1084
57.0851815452,314,dffrorj492,1440
52.3456566508,393,fdjkfwerkl,1009
55.9635446214,595,fwkerfvwjk,1615
28.7287463314,773,dffrorj492,1376
38.1293896073,53,fdjkfwerkl,1641
41.0953828768,968,egwekjqwek,1820
42.4517234161,941,fdjkfwerkl,1109
19.7496581738,287,fweljrgprg,1350
38.6794640166,21,dffrorj492,1010
55.5104758778,379,egwekjqwek,1478
38.2813087683,765,fdjkfwerkl,1791
29.0710489129,469,werjlgjklw,1494
31.1950982518,916,dffrorj492,1738
10.0577290426,505,werjlgjklw,1794
34.1505099651,948,werjlgjklw,1573
51.8136665251,392,fdjkfwerkl,1099
9.0959915569,421,fweljrgprg,1074
59.5909697069,42,fwkerfvwjk,1527
34.897830619,295,fdjkfwerkl,1802
53.2465131341,483,fweljrgprg,1631
56.0944745947,729,fwkerfvwjk,1003
5.6062253723,614,ewqkrjjrio,1453
50.9200563296,977,ewqkrjjrio,1425
51.2587063619,569,fweljrgprg,1994
54.561440609,121,egwekjqwek,1178
24.1221191171,160,fwkerfvwjk,1829
48.2690138043,970,fdjkfwerkl,1281
53.6316327384,747,ewqkrjjrio,1079
50.5550792084,445,fwkerfvwjk,1129
24.490995079,168,dvkwweqqdv,1198
58.0638562652,372,ewqkrjjrio,1536
0.6700222322,557,dvkwweqqdv,1023
32.1396565242,439,fdjkfwerkl,1144
6.8927041467,762,ewqkrjjrio,1153
10.6778540937,738,fweljrgprg,1333
50.6800373491,902,egwekjqwek,1620
5.4837103062,606,fdjkfwerkl,1042
37.9823433992,201,ewqkrjjrio,1927
15.7201071963,257,dffrorj492,1256
9.7659754679,322,fwkerfvwjk,1285
15.1182760249,289,werjlgjklw,1509
34.0191675573,846,werjlgjklw,1254
4.1580722264,185,dvkwweqqdv,1969
3.9626333478,671,ewqkrjjrio,1749
41.8696312795,576,fdjkfwerkl,1880
4.1199652483,228,fweljrgprg,1262
17.3559243429,591,ewqkrjjrio,1722
48.871822245,542,dffrorj492,1686
12.0900875448,224,fdjkfwerkl,1192
34.76172838,283,dvkwweqqdv,1148
49.050956084,880,werjlgjklw,1297
51.730590131,496,fweljrgprg,1647
49.5739989663,128,dffrorj492,1314
51.0392512724,993,dffrorj492,1067
56.5035641794,961,egwekjqwek,1216
49.383941265,13,dvkwweqqdv,1016
33.8010077818,815,ewqkrjjrio,1489
43.882980881,460,fdjkfwerkl,1772
15.9784077667,255,fdjkfwerkl,1598
2.9121622387,52,dvkwweqqdv,1410
15.3795730195,699,fdjkfwerkl,1485
13.8598694381,617,dffrorj492,1504
52.9030708664,433,dvkwweqqdv,1803
30.9533702325,535,egwekjqwek,1027
48.7785600175,937,fdjkfwerkl,1742
23.4247294542,60,dffrorj492,1366
2.0307136173,20,fwkerfvwjk,1158
54.5778320655,633,fdjkfwerkl,1726
38.037039222,63,dffrorj492,1878
32.3035945187,840,ewqkrjjrio,1356
33.5299872628,696,ewqkrjjrio,1364
50.238093782,425,egwekjqwek,1373
9.5558769555,499,fdjkfwerkl,1483
56.6642559874,383,fdjkfwerkl,1517
32.6089512236,254,fweljrgprg,1248
44.5255828031,265,fwkerfvwjk,1343
26.341563573,808,egwekjqwek,1712
40.9488531476,438,werjlgjklw,1116
7.0107941126,541,dffrorj492,1355
10.5689372919,487,dffrorj492,1601
18.7555638768,533,egwekjqwek,1915
16.3595419667,117,dvkwweqqdv,1456
40.6011779425,275,ewqkrjjrio,1098
53.452505356,776,fdjkfwerkl,1220
17.1822468064,780,werjlgjklw,1432
15.8621818689,281,ewqkrjjrio,1173
3.2613935294,904,egwekjqwek,1703
5.6854080812,829,fwkerfvwjk,1155
43.7490157189,488,dvkwweqqdv,1334
2.9309672333,124,fweljrgprg,1538
46.3214115915,553,werjlgjklw,1028
14.246040473,346,fwkerfvwjk,1141
21.5812697361,85,fdjkfwerkl,1756
32.9530367362,294,egwekjqwek,1431
30.4575384036,367,ewqkrjjrio,1170
1.5221460216,474,fwkerfvwjk,1274
5.3268771529,152,dffrorj492,1971
59.8698667024,178,dvkwweqqdv,1534
20.2557345569,793,fdjkfwerkl,1595
17.5279935499,350,fdjkfwerkl,1126
6.753481568,408,ewqkrjjrio,1247
59.8467830651,987,fweljrgprg,1520
36.0002177907,962,werjlgjklw,1607
5.3983136799,740,ewqkrjjrio,1605
10.5589205679,306,fdjkfwerkl,1635
33.5445796395,834,fweljrgprg,1879
12.6358247245,41,ewqkrjjrio,1836
38.7263765431,95,fwkerfvwjk,1899
12.9155262085,601,egwekjqwek,1937
39.2704165852,518,egwekjqwek,1533
6.3598474675,96,ewqkrjjrio,1320
43.449257116,548,egwekjqwek,1986
54.0833312983,349,ewqkrjjrio,1831
17.5426518359,380,werjlgjklw,1913
30.2917833096,104,dffrorj492,1761
57.7426070705,208,dvkwweqqdv,1070
39.2883429517,238,ewqkrjjrio,1240
41.3069906073,189,fwkerfvwjk,1992
45.5187365081,509,dffrorj492,1369
11.5204165172,952,fweljrgprg,1612
6.9279361258,545,werjlgjklw,1255
33.8469327225,490,fweljrgprg,1094
51.077843565,654,werjlgjklw,1161
53.7809365826,985,fwkerfvwjk,1603
28.554081705,679,ewqkrjjrio,1365
5.7046845035,517,egwekjqwek,1599
15.0594427616,795,fdjkfwerkl,1902
14.5093081464,333,egwekjqwek,1428
15.7563056861,38,egwekjqwek,1445
58.9069520865,692,dffrorj492,1323
41.3675395084,493,dffrorj492,1041
34.8586857581,811,dvkwweqqdv,1225
42.8585918158,361,werjlgjklw,1452
27.5892180067,737,dvkwweqqdv,1790
46.8128122361,983,fdjkfwerkl,1669
58.8389794419,748,dffrorj492,1733
20.6805633022,485,egwekjqwek,1493
58.3602813809,59,fwkerfvwjk,1093
59.7653134651,258,ewqkrjjrio,1720
24.9503478431,138,dvkwweqqdv,1730
46.6409472916,34,egwekjqwek,1416
41.6034578697,386,ewqkrjjrio,1454
55.4573098121,597,werjlgjklw,1379
17.330394825,14,werjlgjklw,1717
42.2773917478,308,werjlgjklw,1298
44.6848028271,30,egwekjqwek,1688
50.7990950332,448,egwekjqwek,1591
10.9595189437,807,werjlgjklw,1336
25.8289764194,409,dvkwweqqdv,1828
30.3016912385,150,ewqkrjjrio,1252
30.9366387201,608,ewqkrjjrio,1475
53.813313734,638,dvkwweqqdv,1636
0.0670735465,796,dvkwweqqdv,1052
16.973370047,860,fdjkfwerkl,1203
16.1248654754,417,werjlgjklw,1479
6.2448733312,567,dvkwweqqdv,1696
42.1777260494,384,fdjkfwerkl,1398
3.1512432942,97,werjlgjklw,1151
21.8715185674,690,ewqkrjjrio,1613
52.2464028792,615,ewqkrjjrio,1783
13.9309424967,510,dffrorj492,1929
46.9527045973,590,egwekjqwek,1609
58.0623309267,7,werjlgjklw,1853
26.8609545868,355,fweljrgprg,1037
31.788862895,444,egwekjqwek,1139
49.0576206437,115,dvkwweqqdv,1949
31.1902066753,468,werjlgjklw,1887
17.1461089104,48,werjlgjklw,1286
15.930584212,274,werjlgjklw,1658
23.8531733156,24,egwekjqwek,1920
37.0139876178,644,ewqkrjjrio,1797
19.9830620328,390,egwekjqwek,1266
8.7562221755,171,fdjkfwerkl,1458
45.3432486459,732,fwkerfvwjk,1346
47.9653907212,325,egwekjqwek,1588
58.9649595509,66,ewqkrjjrio,1209
25.5441279524,470,fwkerfvwjk,1019
33.6501308697,720,dvkwweqqdv,1936
51.2428100467,340,fwkerfvwjk,1396
42.0140023016,9,ewqkrjjrio,1157
7.4177122483,657,dvkwweqqdv,1393
30.0828830685,574,ewqkrjjrio,1263
27.6210062149,176,fdjkfwerkl,1202
6.8844955025,689,werjlgjklw,1953
46.6120127989,954,fwkerfvwjk,1587
2.2746848936,754,dffrorj492,1825
42.3228043593,479,fweljrgprg,1693
25.3177990407,458,egwekjqwek,1593
40.2356559595,923,dvkwweqqdv,1069
42.4072712278,326,dvkwweqqdv,1374
33.6248245422,449,dvkwweqqdv,1964
27.5980724501,568,dffrorj492,1608
51.5010411059,943,dvkwweqqdv,1549
4.0832422689,769,fdjkfwerkl,1496
36.7243590843,69,dvkwweqqdv,1147
32.4746009677,785,fdjkfwerkl,1570
38.1595927186,194,fdjkfwerkl,1889
56.5147261724,788,fweljrgprg,1133
41.6933083512,407,egwekjqwek,1980
13.2793923605,177,ewqkrjjrio,1184
16.449658082,341,dffrorj492,1199
57.1425708474,910,fweljrgprg,1210
37.3799866055,992,fwkerfvwjk,1976
3.1237913713,582,fwkerfvwjk,1072
43.9400903508,398,fwkerfvwjk,1319
11.7334492064,648,dffrorj492,1876
54.9265282899,107,werjlgjklw,1287
19.5225552695,296,dffrorj492,1121
36.937320924,477,fdjkfwerkl,1188
7.5609375658,894,egwekjqwek,1502
49.5681085523,573,fdjkfwerkl,1925
42.1370622647,463,dffrorj492,1104
25.2969157394,981,dvkwweqqdv,1111
47.9701294358,832,fdjkfwerkl,1554
29.7374350874,311,fdjkfwerkl,1077
49.6444520097,680,dffrorj492,1623
54.2738659228,118,fdjkfwerkl,1412
16.3908199607,131,fdjkfwerkl,1885
51.3195772858,401,fdjkfwerkl,1519
45.8819323911,89,ewqkrjjrio,1840
19.4758591192,536,fdjkfwerkl,1251
33.3197619484,945,fdjkfwerkl,1983
15.1701058649,736,fwkerfvwjk,1939
11.2711870225,411,ewqkrjjrio,1818
42.7086022143,757,fwkerfvwjk,1290
51.168501695,381,ewqkrjjrio,1711
25.4907504111,143,dffrorj492,1131
55.895561537,677,egwekjqwek,1039
37.0711707878,28,fweljrgprg,1842
59.6808131995,857,werjlgjklw,1748
35.0951712492,640,fdjkfwerkl,1344
6.2807880621,116,fwkerfvwjk,1268
56.6955926396,697,fwkerfvwjk,1770
1.7153039812,451,fwkerfvwjk,1560
42.4953408463,712,dvkwweqqdv,1166
21.551473858,503,fwkerfvwjk,1938
10.1110701208,756,fweljrgprg,1370
59.3053290132,767,egwekjqwek,1616
16.3905601502,908,dvkwweqqdv,1091
8.2142306533,391,dvkwweqqdv,1395
3.9559061028,378,ewqkrjjrio,1868
54.4434778507,61,ewqkrjjrio,1481
43.7219872698,531,egwekjqwek,1280
41.1934470318,482,egwekjqwek,1798
19.4497016758,233,fweljrgprg,1472
44.1882754521,461,dffrorj492,1469
49.6958743071,495,fdjkfwerkl,1914
50.9130624546,472,ewqkrjjrio,1628
29.598848011,262,egwekjqwek,1407
5.5473771299,442,egwekjqwek,1420
49.6292300782,543,fwkerfvwjk,1561
33.8719987577,420,ewqkrjjrio,1687
17.8130666352,982,fdjkfwerkl,1606
15.7298486497,612,fweljrgprg,1113
6.1628960749,514,fweljrgprg,1747
24.0502285514,544,dffrorj492,1510
10.0714969088,708,werjlgjklw,1270
27.6756396366,377,dvkwweqqdv,1984
23.7253801029,605,fwkerfvwjk,1957
53.4391945027,16,fweljrgprg,1516
30.5855617662,158,werjlgjklw,1258
12.76084318,650,fdjkfwerkl,1448
20.9653369899,172,fdjkfwerkl,1774
40.1672296905,942,fwkerfvwjk,1675
6.9973099477,110,egwekjqwek,1667
36.6557884618,315,ewqkrjjrio,1384
23.1791172767,347,fdjkfwerkl,1627
12.0041737262,972,fwkerfvwjk,1043
16.2711461348,92,ewqkrjjrio,1562
37.6587642159,440,fdjkfwerkl,1869
32.0453517013,960,fdjkfwerkl,1526
50.563939256,903,dffrorj492,1156
41.0561825894,285,fdjkfwerkl,1990
25.5350339321,559,egwekjqwek,1497
48.6777409855,998,fweljrgprg,1175
36.4689554388,584,ewqkrjjrio,1359
2.0849533173,587,dffrorj492,1426
15.8154044383,345,egwekjqwek,1543
42.6271875474,475,dffrorj492,1710
51.7750422425,246,fdjkfwerkl,1211
40.1849086464,813,fweljrgprg,1815
25.043411466,842,fdjkfwerkl,1236
9.8569022706,887,egwekjqwek,1959
26.7275106547,144,fdjkfwerkl,1508
36.6488592622,428,dffrorj492,1190
11.8900179106,147,dvkwweqqdv,1858
27.3883049464,763,fdjkfwerkl,1484
10.7387986638,523,fwkerfvwjk,1813
32.1930438616,102,werjlgjklw,1441
28.4596983797,317,ewqkrjjrio,1486
25.6746457177,855,ewqkrjjrio,1921
54.0894966068,396,dffrorj492,1012
24.1572975071,45,egwekjqwek,1590
18.3302108214,132,werjlgjklw,1172
4.5592094323,774,fwkerfvwjk,1053
40.1611629401,382,fdjkfwerkl,1618
0.5412784719,629,fwkerfvwjk,1007
22.0992484431,835,ewqkrjjrio,1342
10.8342771376,585,fdjkfwerkl,1352
50.3790648626,564,egwekjqwek,1293
48.7110914368,950,dffrorj492,1227
27.0606878435,798,ewqkrjjrio,1785
29.8300102602,758,fweljrgprg,1411
58.342872098,312,fdjkfwerkl,1409
43.592355849,694,fwkerfvwjk,1806
17.6251701168,653,ewqkrjjrio,1134
47.3413604567,733,dvkwweqqdv,1180
32.2348475762,618,dvkwweqqdv,1135
12.1331666511,245,dffrorj492,1780
9.6682875502,366,dvkwweqqdv,1002
30.9288053875,519,werjlgjklw,1684
10.2219758309,610,egwekjqwek,1096
36.2845667211,866,fweljrgprg,1018
5.8552168203,516,egwekjqwek,1200
33.7234804171,209,werjlgjklw,1399
