egw,84,39100,842,dvk
krw,69,37960,827,fwk
egw,80,36260,1671,egw
sdt,75,33960,1693,wer
ewr,71,16720,983,egw
krw,78,11800,1653,fwk
krw,78,14100,1727,fwe
ter,77,32680,1520,dff
ewr,75,29120,50,egw
kwr,81,40180,323,fwe
ewr,75,36420,374,fwe
egw,85,39780,1123,ewq
ewr,84,9280,1531,dff
rte,79,27760,777,fwe
ter,69,9920,1403,dvk
ewr,77,32780,720,egw
kwr,62,25900,1794,fwk
ter,81,24620,1747,egw
ewr,64,23600,1329,fwe
rte,67,17540,1306,fwk
ewr,82,39360,1012,dff
egw,63,11460,1371,ewq
ter,77,20500,1300,fdj
egw,76,11860,1781,fwk
kwr,68,33120,1684,ewq
krw,85,12420,710,egw
rte,87,39920,284,ewq
ter,85,33980,393,fwk
egw,77,18420,1795,egw
ter,65,7180,278,fdj
krw,75,1200,1084,dff
rte,72,31300,1398,ewq
egw,64,7920,1694,wer
hrh,74,8860,670,dff
rte,81,40060,1264,dff
egw,82,10620,641,wer
ter,70,25380,1068,fdj
egw,70,21260,60,fwk
ter,77,40420,532,fdj
sdt,70,1500,1043,dff
ter,87,32380,70,fwk
hrh,68,37080,982,fdj
rte,69,3440,1476,egw
ter,80,19820,226,fwe
rte,87,12120,1693,dvk
rte,79,15900,1483,ewq
sdt,77,4260,177,wer
ewr,66,3100,1214,dvk
krw,74,14000,269,fwk
hrh,72,32540,883,fdj
kwr,72,21460,880,egw
ter,61,27640,1145,fdj
kwr,88,10220,694,dvk
hrh,65,22800,1766,egw
ewr,62,25080,447,egw
ewr,85,36280,868,ewq
ter,61,39420,691,egw
kwr,76,1240,270,egw
ewr,71,28140,667,fwk
ewr,76,14620,1610,dvk
rte,84,13300,499,fwe
hrh,65,38680,753,fdj
kwr,83,27200,775,ewq
ewr,67,13800,809,dff
rte,79,18780,1169,wer
kwr,63,38320,262,wer
ter,64,2380,639,dff
sdt,62,39680,841,dvk
hrh,62,13760,659,wer
krw,73,13200,787,ewq
ewr,69,11420,1014,ewq
hrh,65,27620,224,egw
hrh,86,8000,1072,egw
ewr,79,16700,1133,wer
sdt,76,20980,911,dvk
krw,76,4940,535,dff
ewr,67,11480,1532,egw
hrh,68,35780,861,dff
kwr,69,23660,1741,egw
sdt,77,38380,274,fwk
ewr,73,10040,650,dvk
hrh,72,40520,1122,dvk
sdt,64,23700,660,egw
hrh,79,28620,899,dff
krw,81,28080,398,dvk
krw,70,26440,570,egw
sdt,83,17920,650,fdj
hrh,74,25920,874,ewq
krw,83,3200,1118,fwe
hrh,83,6460,1439,fwe
krw,61,26180,1578,egw
ter,73,30700,665,dvk
krw,75,38860,160,fwe
sdt,77,36100,1031,fdj
krw,73,31880,1129,wer
egw,84,19220,1238,fdj
sdt,74,28800,342,fwk
ter,63,22380,573,ewq
hrh,87,14260,1009,egw
egw,85,20580,1586,wer
ewr,65,39560,1018,fwk
ewr,72,10640,744,dff
hrh,81,8360,1204,fwk
sdt,78,20320,634,fwk
krw,78,21060,86,wer
hrh,72,10680,156,wer
krw,69,21380,662,ewq
rte,67,1860,559,ewq
hrh,74,8040,366,ewq
kwr,88,35120,1772,fwe
krw,65,14120,774,wer
ewr,61,13140,488,egw
hrh,85,3340,957,fdj
kwr,78,13540,589,fdj
egw,87,14420,411,fwe
ter,61,12500,721,fwe
ewr,68,28520,1268,wer
sdt,88,16500,735,ewq
ewr,90,21120,184,dvk
kwr,63,36080,909,fwk
ter,90,40380,846,dff
ewr,68,5720,312,dvk
sdt,83,5340,1400,wer
egw,68,35160,1697,ewq
kwr,90,7280,795,dff
egw,62,33140,1303,egw
sdt,74,15360,723,fwe
ewr,87,6380,1615,wer
egw,73,29060,1301,wer
sdt,73,17960,168,egw
hrh,66,33940,1306,fwe
rte,88,39240,121,dff
egw,62,30560,1356,wer
krw,71,38740,1432,fdj
krw,90,34140,538,egw
rte,88,35540,938,ewq
krw,78,29700,767,fwk
hrh,62,25620,1381,egw
rte,66,35900,1309,dvk
egw,86,18880,94,fwk
rte,61,5360,552,wer
kwr,82,34380,1172,dvk
rte,72,3780,617,egw
sdt,61,35520,414,fwk
rte,77,27400,1550,dff
sdt,86,13900,294,egw
kwr,79,2420,755,fwk
ter,84,15880,565,dvk
kwr,63,13560,797,dff
sdt,83,31580,649,fwk
egw,90,12680,331,egw
krw,68,28320,1591,fdj
rte,83,17460,515,dff
rte,77,16920,291,fdj
egw,80,17820,830,egw
ter,78,35500,376,ewq
hrh,90,17660,1461,wer
kwr,62,960,605,fwe
rte,66,3620,606,egw
kwr,85,20200,695,fwe
hrh,62,7840,502,fdj
kwr,84,35760,497,wer
ter,86,25320,1518,dvk
kwr,62,34320,1278,fdj
ewr,71,15000,1549,ewq
sdt,84,23780,1693,wer
sdt,87,20860,579,fwk
hrh,79,2620,536,dff
sdt,70,26100,636,wer
rte,65,34680,1251,egw
hrh,66,29800,1111,ewq
rte,64,30580,1312,egw
rte,70,22060,670,wer
ewr,89,19040,111,wer
ter,81,12780,1119,fwk
hrh,76,4200,1454,egw
hrh,84,27100,407,egw
sdt,65,25520,168,ewq
hrh,61,25800,974,dff
rte,68,33240,846,dff
kwr,86,38780,655,dvk
hrh,84,13460,1581,fwe
ter,77,36240,216,fdj
sdt,90,4440,1470,fdj
hrh,84,24340,482,fwe
kwr,70,12260,478,egw
rte,83,12320,762,dff
ter,61,6640,1310,wer
kwr,87,18480,1277,fwk
ewr,65,10900,958,fdj
ewr,85,33740,1531,fwe
rte,80,38940,1559,fwk
rte,73,14280,1368,dff
hrh,89,21640,511,fwk
rte,79,24960,1194,fdj
hrh,67,2480,218,fwk
krw,64,24860,1274,wer
sdt,74,26960,321,ewq
ewr,66,1460,725,dff
rte,81,16260,416,dff
hrh,68,1680,1132,fdj
kwr,73,20780,1496,fdj
kwr,67,1540,1485,dff
ewr,70,26400,59,egw
krw,66,8400,1407,wer
ter,75,29300,1347,dvk
hrh,87,28260,1392,fdj
kwr,83,39880,596,ewq
rte,61,12960,426,wer
krw,78,40000,775,dff
sdt,88,22860,1154,fdj
kwr,88,33760,97,dvk
sdt,73,32560,774,egw
hrh,62,2700,399,fdj
sdt,62,13080,1592,dvk
kwr,68,2460,1260,ewq
sdt,75,32080,1003,wer
egw,75,2680,1377,fwe
ter,68,5120,110,fwk
rte,71,36120,1215,ewq
kwr,81,29220,1304,fwk
kwr,84,18120,439,fwk
ter,63,17500,243,fwk
krw,63,38500,449,fdj
kwr,80,29040,1748,dvk
rte,77,5640,1487,ewq
krw,75,7580,1335,ewq
egw,76,3000,678,fwk
kwr,73,9240,1401,dvk
egw,86,18540,320,dff
ewr,65,31080,1545,ewq
sdt,85,39200,66,fwk
krw,87,22020,706,ewq
rte,82,16140,1502,dvk
hrh,86,18040,454,ewq
kwr,80,10160,757,dvk
rte,74,33260,1080,fdj
egw,85,16420,1169,fdj
rte,89,37940,959,ewq
egw,69,33560,1646,egw
ter,86,13500,986,dff
ewr,78,1000,1267,wer
sdt,79,40080,1633,wer
egw,67,26940,349,fwk
ewr,71,19580,821,fwe
kwr,83,19140,1512,fwk
hrh,82,9880,1295,fwk
sdt,86,12180,251,fwe
kwr,88,36620,1605,fwe
egw,85,16060,1023,dvk
sdt,86,26580,1541,ewq
kwr,89,8640,1178,dff
egw,82,28200,1685,egw
egw,71,17780,1508,fdj
hrh,87,39040,44,fdj
rte,61,1640,724,fwe
sdt,75,34820,430,dff
ter,90,24080,753,fdj
hrh,81,31800,681,wer
rte,85,1720,1411,wer
hrh,83,6500,1000,fdj
kwr,81,16540,1799,ewq
rte,64,9900,849,fdj
ewr,63,34000,1159,fwe
ewr,65,32440,436,egw
krw,65,25160,112,egw
sdt,78,6800,764,wer
ter,89,14060,1417,dff
ewr,87,19440,85,wer
rte,89,18740,290,fwk
rte,65,19080,1631,egw
krw,89,8520,257,ewq
hrh,65,1620,536,ewq
ewr,77,27380,154,fwe
sdt,79,22100,930,fdj
ewr,72,31520,793,dvk
kwr,75,20260,1523,fwk
krw,85,16780,83,fdj
ter,84,1400,1100,dvk
ewr,69,26660,674,egw
hrh,62,37300,559,dvk
ewr,89,5000,1230,fwk
sdt,62,14660,1614,fdj
rte,89,33000,237,egw
kwr,78,6360,158,ewq
ter,82,13020,601,wer
hrh,87,19340,224,ewq
ewr,87,19200,1035,dff
ter,65,10340,524,fwk
rte,83,13000,1734,wer
hrh,79,4320,1223,fwe
rte,73,23040,655,dff
egw,83,22880,1742,ewq
rte,86,18020,737,dvk
krw,80,20060,951,fdj
ewr,79,20720,999,egw
rte,71,14020,1637,fwk
ter,68,19940,940,fwe
kwr,70,16940,1407,fdj
sdt,85,15680,1274,dff
ter,63,9080,1522,egw
ter,64,26480,601,fwk
hrh,89,23100,794,dff
egw,90,18380,1414,egw
krw,72,2520,1270,fwe
krw,77,9220,252,fwe
krw,67,31000,957,fwe
sdt,82,38460,931,wer
rte,68,39080,130,fdj
kwr,68,38300,586,egw
kwr,83,30600,631,fwk
egw,88,21860,913,dvk
ter,61,4160,987,fdj
hrh,73,19840,777,fwk
kwr,73,4220,773,ewq
kwr,88,29140,191,dvk
sdt,84,6300,509,fwe
kwr,87,11380,1243,wer
kwr,83,32000,864,fdj
ewr,82,21960,806,fwk
krw,82,4140,1469,egw
kwr,78,9360,464,fwe
egw,61,16480,1112,dvk
hrh,61,29500,520,fwk
ewr,61,4300,834,wer
krw,87,12480,961,dvk
hrh,68,39660,795,wer
ewr,88,14520,369,egw
hrh,75,8500,1286,fdj
hrh,66,620,1506,wer
krw,71,37100,847,dvk
ewr,66,16800,712,wer
hrh,76,16400,332,fwe
sdt,72,13160,1029,fwe
hrh,64,27320,1033,dvk
egw,72,8600,825,wer
ewr,74,27060,297,dvk
sdt,61,27160,834,ewq
sdt,72,29240,1737,fwe
krw,70,38560,1525,dvk
hrh,81,24240,129,dff
hrh,89,5540,405,ewq
ewr,81,6820,1770,fwe
kwr,64,5500,1511,dff
ter,83,16160,388,dvk
sdt,78,34200,349,fwe
ter,61,9340,739,wer
krw,82,34240,1473,ewq
ewr,83,30880,696,fdj
rte,75,6240,570,fdj
krw,88,7960,938,fwk
ewr,70,2340,520,wer
ewr,75,33780,1600,fdj
kwr,68,6480,711,egw
ter,66,10980,58,dff
rte,83,21520,1424,dvk
ewr,88,980,435,dvk
ter,89,19520,214,ewq
ter,79,2060,1741,fwe
rte,79,20900,1413,wer
egw,77,2300,1538,fdj
egw,88,31040,1488,dff
ter,88,15260,435,egw
hrh,65,14560,1357,fdj
egw,65,24740,1227,fdj
sdt,73,30920,815,egw
ewr,86,31360,1047,fwk
egw,78,39320,1265,fdj
egw,80,40340,1716,fdj
sdt,75,31460,1350,wer
ewr,75,16280,947,dff
rte,72,37040,861,dff
krw,70,20700,280,fdj
egw,76,27460,375,ewq
ewr,63,23860,1135,fdj
ewr,89,24280,1394,ewq
ewr,64,5440,1505,wer
kwr,67,29520,1277,ewq
ewr,86,13520,1566,egw
hrh,86,38660,1299,egw
ter,82,8700,159,fwe
kwr,70,9300,113,dvk
kwr,78,3920,1373,fdj
hrh,63,32640,1111,fwe
sdt,90,22620,1088,dvk
kwr,62,36000,850,wer
ewr,73,21020,1352,ewq
ewr,67,21440,1708,ewq
ter,90,39340,523,egw
rte,88,7080,608,fwe
rte,74,30980,1497,fdj
krw,72,35860,999,egw
hrh,86,22140,996,ewq
kwr,88,14300,529,egw
sdt,87,28920,220,wer
ter,83,17520,1314,fwk
rte,79,40360,280,dvk
egw,63,32060,1604,ewq
krw,62,18100,350,fwk
sdt,82,25680,1133,fdj
rte,72,29720,1538,fwe
ewr,83,25360,556,fwk
kwr,72,1900,890,wer
sdt,84,22400,60,egw
rte,75,8920,956,fwk
ter,72,34840,1472,dvk
egw,87,32420,1436,wer
ewr,67,17580,1327,fwe
ter,74,24900,970,fwe
ter,67,25780,871,ewq
egw,83,8560,1248,fwk
kwr,62,20360,587,fwe
krw,76,19600,180,wer
ter,86,35040,196,fwk
krw,61,10260,231,dvk
rte,88,8840,112,dvk
sdt,74,7460,1151,ewq
hrh,81,3700,1741,fdj
krw,73,29000,1523,fwk
sdt,73,5660,1371,wer
kwr,78,15620,704,egw
kwr,62,2720,139,fwk
ter,88,3540,1198,wer
ter,89,30340,743,ewq
rte,69,39960,489,fwe
hrh,67,36360,979,dff
sdt,64,4760,183,fdj
krw,86,31060,545,dvk
sdt,79,27940,1133,ewq
ewr,72,8740,1196,wer
kwr,70,8320,1217,fwk
sdt,68,9680,506,fdj
rte,81,7940,1263,dff
hrh,73,10820,1099,ewq
hrh,84,17060,53,fdj
sdt,70,13280,106,ewq
ewr,63,25300,156,dff
ewr,75,21360,845,fwe
kwr,62,27480,729,wer
ter,89,17700,714,dvk
egw,77,31980,216,fwe
rte,68,5960,1130,ewq
egw,84,34740,1654,fwk
krw,67,38920,147,fwe
ewr,79,3940,1642,dff
egw,75,27800,1658,ewq
kwr,73,31740,1304,fwk
krw,82,9500,1113,dff
egw,77,29960,1571,wer
hrh,88,21420,995,dvk
egw,63,34600,950,fwe
kwr,85,33800,526,wer
krw,86,21220,783,fdj
kwr,78,29200,981,wer
ewr,61,11720,1313,wer
krw,81,39900,1279,dvk
ter,75,11440,717,fwk
kwr,79,32900,232,egw
ter,72,1920,325,dvk
hrh,89,5040,1599,fwe
ewr,64,40220,988,fwe
egw,66,22740,107,fwe
egw,68,14860,1326,wer
sdt,65,3760,769,fdj
hrh,69,22220,624,fwe
ter,70,3040,82,ewq
ter,83,17900,1771,dvk
egw,82,5620,1367,wer
rte,78,21900,899,fwe
krw,69,30440,1347,ewq
krw,65,29360,1315,ewq
hrh,72,25700,620,dff
kwr,66,11160,350,fwk
ter,86,15220,1352,fwk
rte,74,31840,1399,dff
hrh,66,18860,1567,dvk
hrh,75,22360,1118,wer
egw,84,39500,1292,fdj
rte,72,15640,397,egw
ewr,72,25480,239,dvk
krw,77,35260,1455,fwk
kwr,84,36800,1246,egw
rte,64,28640,1218,ewq
rte,85,2440,858,dvk
krw,68,17160,583,egw
hrh,82,17940,421,dvk
ter,67,25500,136,fdj
ewr,77,6600,1442,egw
krw,87,35000,425,egw
ewr,86,17480,374,wer
egw,76,29080,704,fwk
sdt,61,26920,706,fdj
kwr,80,37840,1064,wer
sdt,87,4620,380,fwk
krw,61,26220,1143,dff
egw,62,11100,356,wer
ter,68,28500,964,dvk
kwr,89,20400,1047,dvk
ter,90,31540,520,fwe
sdt,80,23500,1196,egw
egw,84,22980,606,dff
kwr,89,32960,1375,dff
rte,70,17840,307,fwk
rte,67,7600,1396,egw
rte,90,15400,50,ewq
ewr,75,17440,1021,fdj
ewr,90,7040,1635,fdj
sdt,64,29820,1662,fwe
ter,64,6880,382,egw
krw,87,18500,1251,dff
kwr,86,4340,387,fwk
kwr,63,7820,944,wer
rte,88,12860,313,fdj
hrh,71,29380,1520,fwe
hrh,74,2080,1707,dff
sdt,72,22940,541,fwk
sdt,68,20340,669,dvk
hrh,61,37860,1771,fwk
ter,80,6320,1748,dff
kwr,66,35800,1157,fdj
kwr,83,14220,817,dvk
kwr,75,19020,161,dff
rte,71,22320,1440,wer
sdt,73,30780,1103,fdj
ewr,84,25200,551,fwk
rte,83,2900,172,fwe
ewr,81,39440,781,fwe
egw,66,5300,279,wer
hrh,78,34640,105,fwk
egw,81,29880,261,dff
egw,88,38760,375,fwe
ter,85,34620,951,wer
egw,68,23380,1640,ewq
hrh,83,1980,470,ewq
rte,90,5860,52,dff
sdt,79,39460,1531,fdj
krw,69,34920,451,egw
ter,75,9400,333,wer
hrh,82,29540,826,dvk
rte,65,17860,836,wer
egw,70,32920,734,dvk
ewr,79,19740,989,fwk
ter,71,26900,1516,fdj
egw,75,31860,692,egw
egw,75,32360,1430,fwk
sdt,77,31020,1306,egw
kwr,73,23200,1647,egw
ter,64,15700,1728,ewq
egw,75,35920,151,ewq
ter,75,39300,1425,ewq
rte,61,6580,472,wer
ter,70,25960,1246,fwk
krw,73,33040,163,ewq
sdt,78,12240,705,fwk
hrh,84,1660,757,dvk
hrh,88,31660,929,wer
krw,62,18360,683,fwe
sdt,75,13260,1684,dvk
hrh,81,11760,1414,dff
hrh,64,23080,767,fwk
krw,83,3260,951,ewq
egw,81,34860,1416,fdj
egw,77,18060,777,ewq
kwr,79,31960,1140,dvk
ewr,77,27920,975,fdj
kwr,67,24360,1181,wer
sdt,68,8060,317,dvk
krw,77,19120,423,dff
kwr,84,31100,177,fwe
hrh,82,2920,1208,fdj
hrh,65,680,156,dvk
rte,84,15080,810,fdj
krw,77,31420,1536,ewq
egw,82,4280,970,dvk
ter,64,3480,1188,fwe
hrh,67,4580,1627,dvk
sdt,66,20140,303,fdj
egw,69,8380,590,dff
krw,86,32400,467,fwe
hrh,72,17020,1476,fwk
sdt,72,35660,1451,ewq
sdt,85,38440,1682,dvk
ewr,73,7860,1404,fdj
kwr,71,9720,458,fdj
egw,72,18680,887,fwe
sdt,72,19160,363,wer
egw,64,23540,1223,ewq
kwr,69,3420,1112,ewq
ewr,71,2200,1747,dvk
kwr,88,36300,271,fwk
sdt,73,28740,1456,dff
kwr,83,24920,755,fdj
rte,90,39480,506,egw
krw,70,14500,565,fwe
sdt,76,2260,119,dff
egw,87,16020,1435,dvk
rte,83,2500,183,dvk
egw,78,4400,641,fwk
kwr,85,31440,771,fdj
sdt,62,36860,103,fwe
ter,61,7440,76,fwk
kwr,75,11220,1059,fwe
egw,61,12760,61,egw
sdt,77,37360,63,wer
sdt,86,2600,1576,dvk
ewr,61,38540,661,ewq
kwr,90,28400,1128,egw
hrh,62,1800,1025,fwk
hrh,82,24400,1660,ewq
sdt,87,20760,1700,wer
rte,69,38880,504,fwe
kwr,76,24140,1087,fwe
ewr,88,37420,250,fwe
sdt,73,900,891,ewq
ewr,81,22840,1200,wer
egw,62,21400,806,wer
ter,83,17760,41,egw
rte,87,7060,1407,dff
ewr,61,34060,466,egw
egw,83,21920,959,fwk
egw,89,4020,1026,dvk
sdt,73,27840,386,fwe
krw,79,31120,1695,egw
krw,79,36040,1656,fwe
sdt,83,3720,1259,dff
ter,66,13700,1103,ewq
ewr,73,16380,967,wer
krw,73,9800,43,dvk
hrh,70,7380,1486,wer
kwr,74,21880,586,fdj
ewr,72,38360,363,fwk
ter,62,32720,52,wer
egw,67,24060,1725,wer
krw,61,22420,1138,wer
krw,88,9020,1497,wer
ter,77,5800,1433,wer
ter,90,27340,102,egw
krw,63,17220,1053,ewq
rte,88,13820,958,wer
ter,85,11920,969,wer
sdt,67,24680,1229,wer
kwr,90,11340,658,wer
sdt,85,30000,1633,fwe
rte,61,34560,754,dvk
ewr,61,25660,382,dff
ter,84,29680,1179,dvk
sdt,76,31180,602,dvk
krw,63,27540,210,fwk
kwr,75,5180,670,dvk
sdt,64,16620,1037,dvk
krw,75,4120,1074,egw
kwr,90,20300,323,egw
krw,77,17260,1018,dvk
egw,61,16180,127,egw
hrh,61,26360,1176,ewq
rte,85,33620,613,fdj
ewr,69,24700,134,ewq
ter,84,7500,502,fwe
sdt,85,28240,991,ewq
ter,85,36720,1460,fwk
krw,83,7100,1473,egw
hrh,64,37600,807,fdj
kwr,74,34480,1035,fwe
kwr,65,7300,624,fwe
egw,72,9480,1628,fdj
egw,71,14700,685,dff
rte,76,11980,1680,fwe
kwr,79,31220,1793,fdj
sdt,81,2560,355,wer
hrh,83,28060,143,fwe
kwr,74,11900,290,fwk
rte,70,14480,1616,ewq
sdt,83,18180,852,fwe
kwr,83,38340,857,dff
ter,89,23160,173,fdj
hrh,82,4040,1729,egw
sdt,75,26420,675,fwk
ewr,65,37640,268,dvk
kwr,76,25580,436,dvk
hrh,77,32700,116,fwk
hrh,69,26080,1520,fwe
kwr,84,35300,1554,egw
egw,84,11240,1513,ewq
ewr,66,1840,551,dvk
sdt,86,39280,1362,wer
ter,86,18440,832,fwk
rte,68,6420,1051,fdj
kwr,74,5780,1104,fdj
ter,72,39620,413,fwe
egw,73,11940,950,egw
sdt,71,12540,1716,fwe
sdt,66,9960,1774,fdj
krw,86,6620,1453,egw
kwr,84,4660,975,egw
krw,84,31340,337,dff
sdt,63,37180,304,fwk
egw,73,37520,1314,wer
krw,73,19620,299,fwe
rte,75,13420,448,fwk
ewr,67,22340,482,fwe
rte,71,38040,504,fdj
kwr,71,32660,692,fwe
kwr,62,27660,591,ewq
rte,71,5980,913,wer
ewr,75,15160,677,wer
kwr,87,25940,407,ewq
sdt,80,27220,230,fwk
kwr,78,20280,1590,fdj
krw,67,3180,47,fdj
krw,81,22780,1173,dff
ewr,85,23420,1551,fwk
egw,82,33600,722,wer
krw,79,21200,1536,dff
hrh,75,5380,612,fwk
sdt,70,6000,1183,egw
ewr,75,9100,232,fwe
egw,72,11060,866,dvk
krw,72,7140,1597,fwk
sdt,66,21240,1013,fdj
krw,65,3380,1320,dff
sdt,64,9760,876,dvk
ter,66,15840,71,fwe
ewr,88,12220,178,wer
rte,66,37720,1335,dvk
rte,82,2000,144,fdj
sdt,64,15500,941,wer
ter,65,3640,244,egw
ewr,75,40200,1762,fdj
ewr,74,9540,1789,dvk
egw,82,17200,100,fwe
ter,74,39180,382,dvk
rte,85,20220,1100,dvk
krw,71,10940,94,egw
krw,75,1880,419,fwk
ter,81,24580,864,ewq
sdt,69,3300,343,egw
krw,88,33020,336,ewq
egw,76,16960,464,dvk
egw,80,24460,1104,fwe
hrh,80,12160,585,fwe
egw,84,31320,139,wer
hrh,76,10140,512,fwk
egw,84,33340,615,fwe
egw,68,4520,102,wer
sdt,79,14780,1161,fwk
hrh,75,36400,604,fwe
ter,74,12140,1229,dff
sdt,78,30860,783,fwk
ter,70,37560,957,ewq
krw,69,23180,977,dff
ter,63,820,981,dvk
sdt,70,21700,416,egw
kwr,86,28300,1772,fdj
krw,86,20620,1457,egw
hrh,78,37820,435,egw
rte,79,38120,1433,wer
krw,81,23340,847,ewq
krw,81,15800,1063,fwe
rte,62,37380,1646,egw
ewr,78,28440,110,dvk
sdt,86,5260,1215,dff
ter,78,10600,1722,ewq
kwr,75,21680,1046,fwk
kwr,68,11640,1342,fdj
ewr,72,40140,1701,egw
rte,73,18140,843,ewq
ter,66,5220,1124,wer
rte,76,26980,1211,dvk
sdt,84,39800,841,ewq
ter,89,20680,323,fwk
kwr,61,37460,571,dff
hrh,90,7260,1636,wer
hrh,62,30160,570,dvk
ter,89,32340,1499,fdj
kwr,63,20960,878,dff
egw,72,18560,399,dvk
egw,74,6260,315,fwe
hrh,71,34460,745,ewq
ter,89,23320,1459,wer
rte,82,11660,1357,wer
rte,69,1440,1116,dff
hrh,84,22500,254,dvk
rte,90,35700,1758,wer
rte,78,18760,828,dvk
egw,85,10760,913,fwk
egw,63,12040,213,wer
ter,76,6160,979,fwe
sdt,77,1760,206,fwk
sdt,74,14400,70,dvk
ewr,78,27520,1054,fwk
rte,85,24780,1723,ewq
ter,78,9420,1696,fwk
krw,87,25860,274,fdj
krw,77,23440,1169,egw
ewr,62,1340,441,dvk
hrh,82,1700,309,fdj
kwr,69,37260,201,wer
sdt,64,29760,525,ewq
kwr,87,16220,1069,ewq
hrh,66,16200,342,dff
ewr,83,34540,91,fwk
krw,82,25980,811,dff
ter,85,14820,284,ewq
rte,71,8540,1671,wer
sdt,73,36320,327,wer
ewr,73,38260,129,fwk
ewr,64,13220,323,egw
rte,85,11840,1392,dff
ewr,82,21660,77,fwk
sdt,83,23580,78,fdj
kwr,80,2640,464,fwk
egw,90,11740,703,fdj
ewr,86,23020,405,fwk
sdt,75,12300,1781,fwe
kwr,62,31260,1181,fwk
rte,86,29840,386,wer
ter,70,22960,1241,dvk
ter,70,21040,367,fwk
egw,69,26240,1297,wer
sdt,88,7560,496,wer
hrh,84,24560,88,dff
hrh,87,26120,660,dff
sdt,79,26040,847,fdj
sdt,89,22480,228,dff
sdt,81,30520,1326,fwk
rte,80,26280,1285,fwk
egw,74,38180,1587,dvk
rte,66,28160,559,fdj
egw,74,9200,1676,fwe
ter,74,3980,375,dvk
krw,87,32100,1551,dvk
kwr,75,25180,942,dff
sdt,87,40020,78,dvk
rte,88,30400,811,wer
rte,67,37060,605,egw
ewr,62,39860,385,fdj
kwr,66,36480,1699,ewq
hrh,80,22660,604,egw
krw,76,18160,955,fwk
krw,84,20440,1417,wer
egw,81,7660,1551,fwk
egw,64,16860,733,dff
egw,85,3080,190,ewq
kwr,87,13880,972,egw
egw,74,5080,190,ewq
ter,86,21000,906,egw
rte,80,1040,179,wer
kwr,62,37540,1207,fwe
krw,64,22640,1731,fwk
egw,62,7800,601,dff
rte,88,16900,1397,egw
rte,88,17880,1536,fwe
rte,87,33080,631,ewq
egw,83,7400,519,egw
ter,61,26000,1751,fwe
rte,75,29740,265,ewq
hrh,67,16240,1242,fwe
hrh,81,33880,433,wer
hrh,75,36700,1220,dff
hrh,75,4740,1322,wer
ewr,68,5020,1091,dvk
hrh,78,36820,355,ewq
egw,83,33360,1227,dff
ter,69,25120,1154,fdj
sdt,72,2120,854,ewq
egw,89,39740,1558,fdj
ter,72,32180,1267,dff
rte,69,24160,80,egw
sdt,63,19100,1643,ewq
ter,72,14080,1297,fwk
hrh,83,2860,827,wer
krw,87,18620,309,fdj
krw,62,40240,1248,wer
kwr,64,33520,785,fdj
sdt,74,5680,678,egw
krw,65,6740,1310,dvk
ewr,85,34120,301,fdj
rte,76,4800,480,fwe
sdt,73,11960,710,fwk
rte,90,1740,1448,fdj
hrh,88,34760,967,fwk
ter,69,22760,1584,dvk
ter,66,26700,814,fdj
sdt,89,12060,1670,fwe
ewr,71,16840,1680,fwe
ewr,71,33860,1673,ewq
sdt,66,28940,1620,dvk
ewr,80,32260,1669,egw
rte,63,11500,581,dff
krw,67,12560,679,fdj
rte,83,23260,423,ewq
rte,76,21480,1603,fwe
egw,85,26020,419,egw
krw,86,12880,1604,fdj
sdt,64,8280,793,fdj
sdt,78,30740,1127,fwk
ewr,66,12400,624,dff
hrh,81,13340,1675,wer
kwr,71,10460,824,fdj
ter,65,3860,503,ewq
egw,73,38480,1687,wer
rte,68,21740,298,fdj
ter,66,3800,1265,dff
ewr,83,31620,1358,fwe
ewr,77,27020,1675,dvk
ewr,68,27120,647,egw
rte,67,4920,971,ewq
sdt,72,34220,476,fwe
ter,68,6020,259,fwe
egw,65,21280,230,dvk
ter,63,3560,1588,egw
sdt,81,5920,1488,fdj
hrh,61,28180,448,dvk
egw,65,37700,1193,egw
ter,70,36740,836,dvk
hrh,64,5700,606,dff
krw,79,11820,206,wer
krw,85,9860,1791,dff
egw,75,740,617,ewq
hrh,73,4540,715,fwe
rte,85,7240,1432,dff
ewr,85,6700,784,dvk
ewr,86,34020,917,fwe
kwr,79,19500,143,egw
ewr,70,35020,1564,fwe
egw,70,28720,1112,egw
sdt,79,25460,1559,ewq
ewr,67,16040,544,wer
ter,90,18260,915,ewq
ewr,78,14540,1397,egw
krw,62,38580,574,egw
ewr,82,13940,715,dvk
egw,63,22160,136,dff
sdt,65,14600,692,dff
sdt,87,10860,256,dvk
hrh,77,6660,966,fwk
kwr,67,31920,294,dff
ter,70,7340,1170,fwk
egw,63,19800,860,fdj
rte,75,23760,821,dff
ewr,81,29320,1415,egw
hrh,76,4780,611,fwe
egw,79,19240,1578,dvk
ter,89,4240,1297,fwk
rte,73,13600,326,wer
egw,70,6280,1796,fwk
krw,85,39260,1291,fwk
ter,81,22560,313,ewq
ewr,73,37760,666,ewq
ewr,85,32980,66,wer
kwr,70,31780,1507,fdj
krw,78,2760,1720,ewq
ter,87,10740,1256,dvk
hrh,81,1280,394,ewq
sdt,65,25140,1685,dvk
ter,82,12980,1340,egw
krw,82,21180,366,ewq
egw,74,40560,1649,dvk
kwr,79,32800,530,wer
ter,68,36640,1695,wer
kwr,73,8220,1313,egw
egw,85,15460,930,fwk
krw,61,30500,934,fdj
egw,62,17980,202,wer
ewr,78,11540,1134,dvk
kwr,77,10720,1739,fwk
ter,61,9040,214,fwe
krw,67,5480,1425,dvk
egw,78,39700,1543,egw
rte,80,37740,1515,fdj
ter,82,21600,1069,dff
ewr,83,35200,1428,ewq
kwr,64,6060,247,egw
egw,86,15760,289,ewq
ter,77,8420,1791,dff
kwr,65,35100,95,wer
sdt,89,27360,1232,dvk
egw,85,36920,731,dvk
krw,73,20940,1445,fwk
ewr,61,32020,1709,dff
hrh,63,13980,599,fdj
rte,61,26460,1410,dvk
ter,88,22240,1607,egw
ter,72,30360,1041,wer
krw,75,34500,1344,wer
sdt,90,12920,222,dvk
krw,71,4500,1407,dff
kwr,85,12520,1057,fwe
egw,74,13060,876,wer
rte,72,20420,1156,ewq
egw,64,28900,1192,dvk
krw,64,26200,643,dvk
hrh,90,30120,1765,dff
ewr,63,20000,1147,ewq
krw,68,27700,1510,dvk
ter,64,32860,482,fwk
rte,63,2940,1451,fwk
ewr,82,35840,1472,fwe
rte,85,7540,135,fdj
hrh,74,40460,397,egw
kwr,86,9000,615,wer
sdt,90,12360,1398,dff
kwr,81,34180,510,ewq
egw,74,31200,987,dff
ter,67,16680,461,egw
rte,79,28980,654,ewq
rte,86,12280,1711,egw
sdt,61,26340,844,ewq
egw,88,2320,1015,wer
ewr,89,9660,1193,dvk
hrh,88,29940,1391,wer
krw,76,10840,1482,ewq
rte,64,14980,1287,fdj
sdt,80,37580,64,fwe
hrh,83,5600,1478,dff
rte,85,38080,1458,fwe
sdt,85,19480,1785,egw
krw,64,34700,1460,ewq
egw,80,32940,704,ewq
sdt,67,860,1185,wer
sdt,86,5900,1618,fwk
kwr,75,13620,1053,egw
kwr,77,27300,1219,fwk
sdt,79,38160,790,ewq
sdt,81,26620,1176,dff
kwr,89,27880,522,dff
ter,71,35960,935,ewq
sdt,74,660,451,ewq
egw,73,12000,1756,dvk
ewr,66,10540,56,ewq
egw,63,26300,360,wer
rte,75,16660,1407,egw
ter,67,36660,662,fwe
kwr,75,29020,1124,fwk
ter,71,3880,514,ewq
ewr,88,18960,328,dvk
sdt,69,40480,624,fwe
hrh,64,18980,1783,wer
egw,81,31400,60,wer
hrh,72,26680,1380,wer
egw,69,25100,1404,fdj
kwr,82,4000,870,dvk
sdt,84,13720,1431,dvk
ter,67,36380,845,egw
ewr,72,25280,1286,egw
krw,69,19060,1425,wer
hrh,61,17400,668,fwk
kwr,69,11120,726,ewq
ter,72,16440,1543,fwe
ter,85,16560,762,egw
rte,80,19380,398,fwk
krw,67,17080,54,fwe
ewr,61,28480,1648,fdj
ter,78,27280,365,dvk
egw,79,26760,1375,ewq
krw,70,15960,766,fwe
krw,86,2580,1280,fwe
sdt,79,40040,354,dvk
ter,90,35420,717,dff
kwr,77,3680,562,wer
hrh,80,39400,577,ewq
ter,83,25640,1477,dff
ter,87,11000,933,dvk
sdt,73,38200,1645,wer
ewr,87,28960,424,fdj
sdt,72,14880,486,wer
kwr,87,21500,408,dff
kwr,62,9840,145,fwk
ter,72,13180,1631,ewq
kwr,65,38060,675,ewq
krw,69,4640,742,ewq
sdt,73,39000,687,dvk
ewr,89,30060,419,egw
ter,82,11620,450,dvk
hrh,84,8100,1410,fwk
rte,80,21940,1263,fdj
sdt,76,29260,1698,fwe
kwr,66,24800,716,egw
ewr,61,18200,411,wer
sdt,69,16520,57,ewq
hrh,82,34900,1658,ewq
kwr,87,9580,840,fwk
hrh,71,16600,449,fwk
kwr,75,30100,1498,fwe
sdt,82,11520,96,fdj
krw,66,24300,1177,dvk
sdt,70,9820,210,fwk
egw,69,37660,62,ewq
kwr,81,5280,1500,fwk
hrh,80,2360,1278,fwe
rte,76,16000,1125,fwe
kwr,90,36960,1400,ewq
ewr,70,11580,404,wer
kwr,63,15420,829,dvk
ewr,82,3820,495,fwk
sdt,61,29160,54,ewq
ewr,77,14960,990,ewq
ewr,85,4180,511,egw
rte,68,28100,1065,dff
ter,90,27860,579,dff
egw,63,39980,1192,fwk
ter,87,5740,88,fdj
sdt,68,25760,1050,fdj
rte,72,18460,909,fdj
hrh,88,22280,767,wer
sdt,78,15820,1061,egw
hrh,85,15120,1629,wer
egw,76,8200,363,wer
sdt,78,29600,1704,egw
egw,90,29460,1408,dvk
kwr,82,14940,99,wer
sdt,86,30380,606,egw
ter,70,24000,1062,fwe
hrh,80,36540,356,fwe
ewr,87,19280,1705,fdj
egw,67,7780,128,fwe
sdt,82,38000,1115,ewq
sdt,84,6920,302,dvk
egw,86,27420,1734,wer
ter,76,12940,818,ewq
kwr,80,11680,1747,fdj
krw,89,29180,1271,fwe
sdt,83,3960,1132,fwe
rte,71,23720,1401,egw
krw,84,35740,167,fdj
ter,75,27580,1550,dff
kwr,80,34260,969,fwe
sdt,86,28120,720,dvk
hrh,72,18820,944,fdj
rte,86,23360,1097,ewq
kwr,62,22920,898,egw
egw,76,13120,1523,fdj
hrh,83,18920,1648,fwe
kwr,63,30320,774,fwe
krw,74,9700,322,dvk
krw,86,8480,1409,dff
hrh,83,35060,1615,fwk
ter,62,12900,68,dff
kwr,88,37620,705,dvk
krw,75,33420,1270,wer
hrh,88,22080,1673,fwk
rte,74,37780,503,dff
egw,88,31500,1547,dff
sdt,88,14580,1093,dff
egw,88,15440,1170,fwe
rte,85,23960,1463,fwk
sdt,80,18400,294,wer
ter,66,17120,171,wer
krw,69,19320,334,fdj
krw,81,35440,1509,ewq
sdt,85,14640,177,wer
rte,80,4600,346,dff
egw,84,11200,248,fwe
krw,84,20600,942,dvk
sdt,85,4380,795,dvk
sdt,67,8760,1382,egw
sdt,78,22600,637,dff
ter,64,10120,1425,wer
ewr,76,1120,660,dvk
ewr,86,18520,469,ewq
kwr,88,920,885,dff
egw,71,25220,442,wer
krw,77,26860,1557,dvk
krw,85,10100,671,fdj
ter,79,27960,840,egw
rte,61,11020,1642,dvk
ewr,79,7740,1213,wer
sdt,63,24540,587,dff
rte,66,37340,888,dvk
krw,69,38100,515,fwe
krw,66,24020,1301,fdj
ter,67,32820,1441,egw
ewr,80,19300,1411,fwe
sdt,87,7000,203,fwe
ewr,71,27680,1535,wer
rte,85,27780,1576,fwe
rte,68,14920,844,ewq
rte,66,14200,1090,fwe
sdt,81,23680,377,wer
ter,64,38520,613,wer
rte,62,39220,387,wer
ter,89,6440,709,fwk
kwr,78,19900,1747,ewq
ewr,71,14460,1632,ewq
egw,77,36140,1101,dvk
sdt,90,12580,181,fwk
ewr,71,10880,1686,egw
ter,82,5580,279,fwk
egw,69,20560,1611,egw
kwr,73,37920,695,dff
ter,80,38220,258,dff
krw,67,3460,1404,egw
ter,68,36900,1434,egw
kwr,87,28020,252,egw
hrh,61,21080,449,dvk
krw,73,19980,330,fwk
egw,78,9620,1446,fwe
ewr,79,7760,1526,fwe
sdt,74,32480,515,dvk
krw,71,32600,1151,fwe
sdt,84,17240,1645,egw
kwr,67,15580,1558,dvk
rte,73,33720,1317,fwe
ter,64,37680,383,fwe
rte,61,13100,811,wer
sdt,75,1520,1670,fwe
egw,86,5240,65,fdj
krw,69,24600,409,dff
ewr,87,27820,1280,dff
sdt,85,16360,120,egw
krw,70,7700,1688,egw
egw,78,3400,1034,fwe
ter,70,36520,503,egw
ewr,87,34580,1311,fdj
ewr,74,21840,702,ewq
rte,81,35180,279,fwk
egw,85,36760,1458,fdj
rte,83,29580,570,egw
krw,76,34520,1780,wer
sdt,76,31480,1321,fwk
hrh,89,8120,1021,egw
hrh,67,21160,775,fwk
krw,89,1420,1571,fdj
egw,69,35400,398,fwe
kwr,68,37000,923,egw
ter,64,8900,285,fwk
egw,75,9120,1775,fwk
hrh,71,27600,1682,dff
kwr,76,11260,949,fwk
kwr,70,880,238,wer
egw,82,780,697,wer
krw,73,26520,1502,ewq
kwr,82,18320,773,fwk
ter,79,19660,1490,fdj
egw,81,23940,1200,wer
rte,85,3020,1351,fdj
egw,82,11600,916,egw
egw,83,6180,139,wer
krw,87,24320,68,egw
hrh,74,21620,1410,egw
kwr,85,20640,1408,dvk
ewr,81,9160,1232,ewq
ewr,65,39640,388,wer
ewr,84,17000,912,dff
ter,67,37880,1775,dvk
hrh,70,15180,973,dvk
ewr,79,11700,1065,fwk
rte,69,30900,290,egw
sdt,69,18000,995,wer
krw,83,38240,1441,dvk
ewr,74,15660,482,dff
egw,83,20080,1558,fdj
rte,80,19720,281,dff
rte,74,8160,1381,fdj
krw,89,10400,804,dvk
rte,76,31140,158,ewq
kwr,63,36440,429,fwk
ter,62,9380,708,wer
krw,64,7520,1335,dvk
krw,79,2820,96,ewq
kwr,82,31640,710,dvk
egw,90,17140,499,fdj
egw,65,36840,1624,wer
egw,89,18300,794,dff
egw,71,28360,1569,dff
ter,89,17420,1168,egw
krw,72,38140,880,fwk
rte,71,5400,715,dff
ter,82,17640,356,wer
ewr,83,24520,1006,fwk
kwr,65,34780,349,fwk
ewr,76,11560,1247,dvk
kwr,77,15980,1496,ewq
krw,66,29640,506,ewq
ewr,65,30080,1344,ewq
ter,83,23400,1381,dff
krw,83,28820,61,wer
krw,62,29900,157,fwk
sdt,69,34440,1026,dvk
ter,76,22260,1329,dff
krw,84,21540,1401,dff
rte,65,16820,849,wer
kwr,78,30180,1355,dff
krw,78,33280,1314,dff
rte,74,10180,421,wer
ter,65,23840,1588,fwe
egw,64,20040,1767,fwe
hrh,78,30280,1790,dff
kwr,69,35980,983,fdj
ter,84,19680,1692,dff
ter,76,35280,916,egw
ewr,72,6200,764,wer
ter,67,19640,1666,fwe
ter,89,2140,1576,dff
sdt,63,30460,291,egw
ewr,81,37280,622,wer
ewr,71,30760,423,wer
sdt,74,30840,651,fdj
ewr,83,24980,1475,fdj
krw,79,16580,1387,dvk
sdt,66,19860,991,dff
sdt,70,29420,423,fdj
hrh,74,8140,1290,dff
hrh,79,31940,1014,fwk
hrh,74,26320,615,egw
ter,61,31280,747,fwe
kwr,77,3240,1715,fwk
ewr,71,26820,1062,ewq
egw,73,20460,144,fwe
kwr,79,20380,1001,egw
kwr,90,32200,833,fwe
ter,70,13320,1116,dvk
rte,71,25820,161,wer
krw,62,31680,1631,fwe
krw,66,2660,228,fwk
ter,83,22820,584,egw
krw,68,12820,153,fdj
kwr,85,17180,973,ewq
egw,71,13580,1181,dvk
ter,63,8980,673,dff
egw,69,9640,545,ewq
kwr,77,37220,1215,dff
sdt,87,27080,1455,wer
ewr,71,28040,1639,ewq
rte,69,30960,1205,wer
ewr,90,35320,611,egw
ter,81,7620,562,dff
ter,62,5840,572,ewq
hrh,67,13960,606,dff
ewr,84,27140,618,fdj
krw,84,12340,334,wer
ewr,85,5560,1311,fwe
ter,67,600,1458,fwe
ewr,69,35820,582,ewq
kwr,64,14160,1447,fdj
sdt,71,5460,1386,fwk
hrh,78,27240,1322,wer
kwr,67,34300,1788,fwe
hrh,84,15940,552,dvk
ter,62,19360,1395,dvk
sdt,68,2980,269,ewq
hrh,90,35940,1716,dvk
kwr,80,35680,1443,fdj
krw,80,19780,853,ewq
ewr,81,36340,1519,ewq
kwr,74,21980,779,dvk
ewr,66,20820,476,dff
kwr,63,12100,705,fdj
egw,76,39060,479,dvk
ter,83,24120,695,wer
krw,83,18080,310,egw
sdt,74,26380,1110,fwk
ter,74,21580,124,ewq
ewr,84,6900,1194,dff
hrh,87,26160,104,dvk
krw,89,1820,309,ewq
ewr,88,30620,682,ewq
kwr,75,11300,582,fdj
krw,88,8820,1292,fwe
egw,62,29980,853,fwk
egw,76,23920,565,dvk
kwr,69,8660,526,ewq
ter,86,14840,649,fwk
kwr,68,22900,376,egw
ewr,80,24180,73,dvk
ter,65,25880,228,fwk
kwr,80,13360,877,dff
egw,76,17600,297,fdj
sdt,85,33460,1396,fdj
rte,70,36180,629,fwk
ewr,63,10020,789,egw
rte,67,37400,1697,wer
hrh,63,4480,1545,fwe
sdt,87,24880,996,wer
ewr,78,35220,674,dvk
krw,71,22000,248,ewq
rte,83,30660,1535,fwe
egw,65,34080,460,fdj
kwr,84,840,1296,dvk
ter,74,720,1057,dvk
ewr,72,19540,853,ewq
kwr,62,16320,698,dvk
ewr,75,38700,705,dvk
sdt,71,3840,1586,wer
hrh,65,23460,776,fdj
ter,82,1080,1011,egw
egw,71,28220,831,fdj
hrh,86,37480,1434,wer
ter,70,21800,1596,fwe
kwr,82,13380,1452,fwe
ewr,77,35340,1529,ewq
sdt,62,9520,1243,ewq
ewr,78,13680,1007,egw
ter,89,22440,798,ewq
rte,78,29560,1760,dvk
kwr,68,6140,890,dff
krw,74,12640,1668,ewq
ewr,88,9980,872,wer
ewr,82,40300,1493,wer
hrh,71,20520,799,dff
kwr,79,33380,1458,ewq
krw,86,32240,286,fwk
egw,87,16340,709,dff
sdt,62,19920,1011,ewq
rte,71,1780,893,fwk
ter,90,10500,570,ewq
ter,82,18940,174,dff
hrh,81,24200,267,fdj
rte,85,33480,678,egw
egw,70,20120,525,ewq
krw,63,26260,1383,fdj
sdt,79,2400,879,dff
egw,64,5200,365,wer
ewr,71,24660,299,fwe
hrh,86,6340,330,dff
ter,75,33920,1456,dvk
kwr,62,5520,419,fwk
egw,90,6940,1137,fwk
ter,86,31560,203,ewq
hrh,69,10520,1668,dvk
ewr,64,16760,419,fwk
krw,77,32460,53,fwk
ter,66,1600,310,fwk
ewr,69,5100,1507,fdj
egw,72,6720,553,fwk
rte,86,19880,1511,fwe
hrh,85,24760,1340,ewq
rte,70,32280,1707,fwk
sdt,70,33580,1486,dvk
ter,90,40440,1575,egw
rte,71,30480,1327,fwe
ewr,77,32500,560,dvk
sdt,81,35880,488,ewq
hrh,75,22120,406,egw
hrh,82,23620,399,dvk
egw,87,3580,267,dvk
krw,64,25040,1466,fdj
ewr,66,28540,772,fdj
kwr,87,35560,1207,fwk
sdt,85,6520,357,ewq
rte,69,16120,1673,dvk
ter,90,22720,1152,dvk
ter,90,33440,1218,fdj
krw,65,12620,1216,fwe
kwr,78,26800,692,fwk
sdt,89,17360,260,egw
hrh,85,2100,521,dvk
ter,84,24940,1482,ewq
egw,78,2240,1741,dvk
ewr,70,33680,1800,fwe
rte,79,29660,346,fwk
sdt,85,10360,963,wer
sdt,86,22700,152,dvk
rte,71,19560,170,dvk
egw,81,20480,1758,wer
krw,72,19400,293,dff
ewr,86,8960,607,dvk
ter,74,8260,1366,fdj
ewr,77,40280,1776,wer
sdt,79,1560,1720,egw
ewr,68,15600,1532,dff
hrh,86,13040,118,egw
hrh,79,10240,1078,fwk
krw,90,29780,772,dff
krw,68,12460,1534,wer
krw,90,6220,808,egw
rte,87,37200,681,ewq
ewr,86,28760,65,fdj
rte,81,14720,559,egw
egw,83,30240,1156,ewq
kwr,68,17040,1631,dff
hrh,73,11780,173,fwe
hrh,71,9780,726,wer
kwr,72,39020,97,dff
hrh,89,6120,1592,fwe
egw,80,18720,1021,fwk
sdt,82,15200,1476,ewq
hrh,84,32740,1368,fwe
kwr,68,31720,1175,wer
rte,61,38280,1614,wer
ter,75,4720,46,wer
hrh,62,36560,61,fwe
egw,69,33220,172,dff
egw,86,21320,892,fdj
rte,67,24260,119,dff
ter,67,12740,1575,ewq
ewr,86,7980,1270,dvk
hrh,84,28700,1163,fwe
ewr,82,38400,1485,fwk
kwr,86,11360,749,dvk
kwr,65,35620,1767,fwe
ter,73,2020,1107,ewq
rte,90,18700,938,dff
sdt,76,27500,1463,dvk
ewr,90,23820,887,egw
ewr,86,17680,991,fwk
ewr,62,23880,706,fwe
rte,70,8800,545,wer
rte,66,18340,1008,egw
egw,73,10080,270,ewq
sdt,65,3060,654,fwe
kwr,84,26600,631,wer
ewr,84,27980,1033,dvk
ter,67,34880,1305,egw
sdt,72,9560,214,ewq
rte,63,6680,1052,dvk
sdt,61,40580,1416,fdj
egw,73,37240,1293,dff
egw,85,14040,843,fwk
sdt,75,7880,1364,fwk
kwr,86,3220,486,fwe
rte,75,25240,807,dff
kwr,69,13780,227,dvk
kwr,83,10060,1603,fwk
hrh,89,15860,703,ewq
sdt,68,10800,261,wer
krw,61,3120,1234,ewq
ewr,69,22580,386,egw
krw,85,33320,742,fdj
ewr,63,12020,749,fwk
egw,76,9740,497,fwe
hrh,90,35240,1717,fdj
hrh,85,28660,600,fwe
ter,76,4700,929,wer
hrh,62,12080,1436,dvk
ter,89,1940,1417,wer
hrh,89,38840,650,fwe
krw,85,18220,392,fdj
ewr,68,6040,408,fwk
ter,87,20100,117,dff
sdt,71,16880,72,egw
ewr,87,21780,1754,fwe
hrh,86,25020,317,dvk
rte,68,23520,456,fwk
kwr,90,21300,554,egw
rte,70,39720,346,egw
ter,89,36460,1309,fwe
ewr,71,28420,1040,fdj
kwr,62,35640,1709,fwe
egw,81,10700,749,dvk
egw,81,16640,207,wer
ewr,73,1300,939,wer
rte,79,2840,75,fwk
krw,88,34360,1401,dvk
sdt,88,21340,1265,fwe
krw,81,9140,68,ewq
egw,76,34100,1396,fwe
egw,83,25340,1684,wer
krw,64,36060,202,fwk
hrh,79,2160,342,dvk
ewr,64,36940,329,egw
kwr,84,3520,1628,fdj
sdt,77,27180,397,dff
ter,89,11400,132,egw
ter,80,1260,272,egw
ewr,90,18580,1791,fdj
rte,90,10000,1066,egw
egw,65,15040,946,dff
ter,78,25260,1672,egw
krw,75,10320,786,egw
ewr,77,31600,1671,dff
ter,62,25400,973,wer
kwr,70,36600,907,fwe
sdt,62,37900,771,fwe
krw,70,37160,219,fwe
hrh,65,940,293,ewq
sdt,61,13920,166,dvk
hrh,72,28860,278,dvk
rte,89,33200,347,dvk
ter,78,17800,1561,fwk
egw,73,15740,1150,dvk
kwr,75,12600,364,fwk
rte,61,6540,89,fwe
ter,63,24840,562,wer
ter,76,40400,403,wer
egw,68,11080,711,dvk
egw,65,38900,1351,dvk
kwr,63,13400,1158,egw
ter,68,1180,303,egw
kwr,67,33160,561,egw
egw,70,21820,1583,ewq
egw,69,23280,231,dvk
egw,65,11140,1226,dvk
rte,78,10560,692,dvk
rte,67,17320,183,ewq
ter,65,39540,1463,fdj
kwr,88,24500,345,dvk
sdt,66,640,1240,fwe
hrh,69,19420,1035,dvk
rte,82,15720,1473,dff
hrh,61,28460,896,egw
krw,77,700,1457,fwk
kwr,67,10920,1134,fwk
ter,62,37120,193,fwe
sdt,72,33400,453,egw
krw,63,39160,790,ewq
sdt,80,10480,1042,dvk
hrh,76,39120,60,dff
ter,68,1480,162,fwk
hrh,85,23560,1513,fwk
hrh,90,13480,1726,fwe
kwr,67,10580,1113,wer
rte,67,1960,686,egw
egw,87,37020,339,wer
ter,76,28580,789,wer
ewr,86,8780,1357,wer
ewr,90,4820,323,egw
egw,88,16300,1012,ewq
ter,62,760,783,fwe
sdt,61,37980,358,fwe
krw,76,25060,301,dff
rte,72,39140,878,wer
rte,80,23900,1034,dvk
hrh,75,21560,1516,wer
ewr,61,32620,1376,fdj
ter,79,17560,212,fdj
krw,89,8080,1197,egw
rte,63,4060,1747,dvk
rte,81,27260,766,egw
ewr,70,26500,691,ewq
krw,61,2540,1219,wer
ter,69,25720,500,fdj
rte,63,31760,1135,fdj
ter,68,1160,754,fwk
rte,62,34040,425,fwk
ewr,61,7220,1150,dvk
egw,82,31380,795,ewq
hrh,72,28780,697,fwe
egw,83,22540,1445,ewq
ewr,84,30420,418,wer
rte,83,23140,488,fdj
sdt,65,14800,472,fwe
rte,78,30940,1172,wer
kwr,83,29860,1049,fwk
kwr,67,30200,1263,egw
hrh,70,14680,1758,fdj
ter,75,8020,1721,egw
ewr,61,23220,1393,fwe
rte,75,14360,1536,ewq
kwr,71,38600,832,fwe
egw,66,11320,620,dvk
rte,65,15280,1434,dff
ewr,85,2220,1666,fdj
ter,68,7360,861,dvk
ewr,74,38820,197,fdj
kwr,67,13640,968,fdj
hrh,71,2280,1776,dvk
ewr,85,18600,1538,dvk
rte,66,32580,357,egw
ter,63,24420,1579,dvk
egw,81,33540,1209,ewq
rte,87,7200,197,egw
ter,74,38980,1505,fwk
egw,83,3140,1230,dvk
ter,84,15520,1065,ewq
ter,78,19180,109,egw
hrh,82,29620,204,wer
rte,75,7120,527,egw
ter,84,18840,1094,fdj
ter,83,14900,1465,fwk
egw,76,18240,996,fwe
egw,84,14240,1238,fwk
ter,71,1220,1014,wer
ter,65,15560,1792,dff
egw,72,8180,577,dvk
sdt,86,12840,435,dff
kwr,67,4980,749,fwk
ter,90,9460,1361,dvk
egw,83,33060,154,fwe
ter,69,12800,295,fwk
ter,61,22180,327,fdj
ewr,87,8240,65,dff
ter,87,30820,58,egw
hrh,87,22300,476,dvk
rte,63,13740,766,ewq
sdt,73,24100,940,fwk
egw,71,31700,1530,dvk
hrh,61,28560,1322,ewq
sdt,80,5320,650,fwe
rte,81,37320,1753,wer
rte,85,18900,1071,ewq
egw,87,9600,372,egw
krw,89,8580,1141,wer
kwr,83,34800,1790,wer
kwr,88,33300,1485,fwk
rte,67,40160,1235,ewq
krw,81,28600,1611,ewq
ter,88,4840,93,fwe
kwr,72,19760,1359,fdj
rte,86,7900,1667,ewq
sdt,74,33100,566,dvk
sdt,65,15540,805,wer
krw,84,20660,240,ewq
sdt,61,6760,878,wer
ewr,73,40100,1585,ewq
egw,87,7680,592,wer
ter,74,14740,311,ewq
rte,84,26060,1779,ewq
kwr,62,36680,527,fwe
ter,83,2040,581,ewq
krw,87,19460,558,egw
sdt,79,17100,1289,fwk
sdt,81,4560,1269,wer
sdt,79,22200,752,egw
sdt,88,4360,683,fdj
kwr,77,12660,1377,egw
egw,63,19260,1456,egw
egw,81,30540,522,dvk
sdt,84,2960,195,fwk
krw,72,28280,1410,ewq
kwr,74,8620,1760,dff
rte,62,25540,712,fwk
krw,65,2740,964,dff
egw,61,32140,1152,ewq
ewr,83,26780,882,dvk
egw,86,5060,596,ewq
rte,88,18660,1482,ewq
kwr,64,15920,1461,dvk
sdt,71,27900,377,fwk
rte,65,8340,797,dvk
sdt,76,30300,1597,fwk
egw,89,40540,788,egw
ter,66,13860,279,egw
ewr,69,39940,1548,fdj
rte,89,21720,1098,fwe
ewr,83,3280,1564,fwe
egw,67,27000,143,egw
sdt,84,10960,1658,dff
ewr,78,17740,1538,ewq
ter,88,24220,1468,ewq
rte,75,10300,136,fwe
ter,72,36020,1502,fwe
krw,72,38720,142,wer
krw,68,28880,937,dvk
ter,69,38640,1002,fwe
ewr,61,35580,985,fwk
ewr,80,35140,741,fdj
krw,72,16460,406,ewq
rte,88,32320,250,wer
ter,88,22040,291,ewq
egw,88,24380,1229,fdj
krw,87,20540,1271,dff
ter,71,36200,914,ewq
hrh,72,6100,1354,fwk
sdt,79,26560,62,dvk
egw,79,6860,160,fdj
ewr,87,19960,788,dff
ter,85,33660,1405,fwk
sdt,90,27720,1306,fwk
sdt,63,7640,587,egw
egw,67,22520,1033,fdj
hrh,84,23240,990,dff
ter,87,5140,1585,fwk
ewr,63,26840,1340,egw
kwr,87,26740,785,egw
kwr,69,27040,236,egw
rte,70,35480,1236,dff
ewr,62,32300,1246,fwe
ter,81,32120,1275,fwk
egw,79,30680,401,fwk
rte,84,3740,96,dff
ewr,67,35380,161,ewq
kwr,73,39520,231,dvk
rte,67,12700,1732,egw
hrh,73,32520,1546,fwe
egw,69,35460,310,fwk
ewr,64,17300,538,egw
kwr,89,25600,1091,egw
sdt,61,6980,831,fdj
sdt,65,4420,616,dff
egw,79,37500,551,dff
krw,84,29280,1204,fwk
ewr,61,28680,590,fwk
rte,65,7020,1141,egw
krw,67,21100,580,dff
hrh,90,39380,1114,fwe
egw,83,1020,1782,wer
krw,85,40320,815,dvk
ewr,82,30220,638,dff
kwr,81,36780,1735,egw
egw,84,7160,621,fwk
hrh,65,16980,757,wer
hrh,90,9320,1573,fwk
kwr,73,31160,1344,fwe
sdt,87,20240,915,dff
hrh,77,36880,265,dvk
sdt,81,3360,835,wer
egw,88,15780,612,ewq
rte,79,33820,1120,ewq
rte,68,15100,83,fwk
kwr,73,10660,150,wer
kwr,80,13840,899,egw
ewr,65,4860,960,fwk
kwr,78,1360,328,fwk
hrh,89,23980,381,ewq
krw,71,11180,1700,fwe
rte,82,25560,1420,dff
rte,80,17340,1120,fwk
hrh,65,31900,327,wer
hrh,90,1060,859,fwe
egw,68,8720,1231,fwe
ter,70,11040,464,fdj
kwr,72,36580,1756,fwk
ewr,90,13240,1674,dvk
hrh,85,39820,631,dff
ewr,81,28000,1660,egw
sdt,73,16080,999,fwe
egw,77,3320,847,fwe
krw,89,6560,425,wer
ter,89,13660,1527,fdj
ter,74,34720,1514,wer
hrh,85,12200,238,wer
ewr,68,20020,648,egw
kwr,86,39600,356,dvk
egw,73,20800,585,egw
egw,73,10780,141,fdj
hrh,68,15340,243,fwe
ewr,74,31820,1576,wer
kwr,88,9440,1670,egw
egw,68,5160,1576,fdj
ewr,68,29480,1103,egw
krw,64,25840,1015,fwe
krw,82,24640,517,fdj
ter,68,29920,694,fwe
rte,79,27560,1484,fdj
ewr,79,8880,590,fwk
krw,80,10200,118,ewq
sdt,86,28340,1307,egw
ewr,81,8460,69,egw
egw,71,26640,1499,fdj
ter,83,34960,355,ewq
hrh,69,7320,1226,ewq
ewr,61,3600,253,ewq
ewr,84,15020,518,egw
ewr,78,1580,567,dvk
ewr,87,38960,342,egw
ter,74,14380,1043,fdj
ter,84,29100,818,fwk
krw,89,37800,373,ewq
ter,74,12440,349,fdj
rte,82,30140,596,wer
rte,61,2880,615,fdj
sdt,71,5940,49,fwe
egw,72,28840,997,fwe
rte,61,7720,739,fwe
rte,87,24440,1021,egw
ewr,74,24820,474,fwe
ter,64,11880,332,wer
hrh,61,23300,1180,fdj
kwr,83,10380,46,dff
rte,77,25420,624,ewq
kwr,72,17280,416,fwk
ter,61,4100,112,fwe
rte,71,20920,1747,fdj
kwr,84,20840,331,wer
ewr,68,23060,1598,ewq
ewr,71,29400,397,egw
hrh,88,40120,431,wer
krw,64,16740,953,dvk
sdt,79,10280,1088,dvk
krw,73,12380,1218,fwe
ewr,83,6960,488,egw
ter,86,3660,262,dff
ter,88,14180,1488,dff
krw,75,10420,1794,dff
ter,62,15140,1731,dff
ewr,62,34160,776,ewq
ter,87,5880,812,ewq
ter,88,14440,1043,wer
hrh,66,4880,136,fwk
hrh,73,23000,1748,dff
rte,84,39760,1391,fwk
ewr,89,24720,1740,wer
kwr,73,24480,863,egw
hrh,86,25000,909,egw
egw,90,5420,1570,fdj
krw,75,33640,489,wer
ewr,84,35360,1594,fdj
egw,83,15320,291,dvk
egw,68,9260,1553,fwk
krw,62,29440,1035,fdj
hrh,78,6840,1792,dvk
rte,81,8300,1204,egw
ter,69,13440,550,wer
ewr,80,9060,981,wer
hrh,66,30800,1172,egw
krw,66,31240,1469,dvk
kwr,72,5760,1255,fwe
ter,83,26140,1444,fwe
hrh,74,3160,340,fwk
ewr,83,11280,1243,dff
rte,78,29340,480,dff
egw,64,22680,1487,fwk
sdt,85,14340,333,dff
kwr,78,14760,1066,fdj
ter,65,15480,834,fdj
krw,90,34400,1673,fwk
krw,78,20740,715,dff
krw,90,36220,546,fdj
hrh,62,4900,770,dff
rte,79,35720,166,ewq
krw,87,34420,697,wer
krw,83,21140,734,fwe
ter,82,37440,451,egw
krw,69,1380,1703,fwe
hrh,69,33700,566,ewq
egw,90,2780,544,fwk
ter,74,17380,745,dff
sdt,70,19700,1243,ewq
ter,72,3500,1016,fwk
egw,81,30640,1082,fdj
egw,79,8940,1312,dff
sdt,75,35600,428,egw
ter,84,1320,1537,dff
ewr,64,15240,1035,wer
kwr,62,40260,1347,ewq
ewr,76,36500,1794,fdj
hrh,77,28380,997,ewq
kwr,85,10440,1082,fwk
sdt,79,7420,185,wer
kwr,64,15060,1784,wer
ewr,89,12720,1477,wer
krw,76,38800,990,ewq
egw,61,16100,555,dvk
hrh,76,33180,940,fdj
egw,88,23740,1474,fwe
egw,81,33840,1777,wer
rte,75,1140,454,dff
egw,90,4960,1755,fwk
hrh,64,26720,1020,dvk
rte,88,17720,1476,egw
egw,83,8680,952,dff
rte,80,39840,1244,fwe
ter,83,18280,917,fwk
hrh,73,38020,1442,fdj
hrh,73,20160,828,egw
egw,68,26880,269,fwk
rte,80,9940,416,wer
kwr,72,27740,1154,fwk
krw,73,38420,83,fwk
ter,65,18640,1574,fwe
ewr,81,30040,834,egw
hrh,63,14320,983,dff
ewr,62,2180,598,egw
ter,68,26540,349,fdj
egw,82,34980,1318,ewq
kwr,82,2800,1308,ewq
hrh,83,32220,264,wer
sdt,85,6780,1199,fwe
ewr,79,32040,1255,fwk
kwr,80,20180,1494,fwk
rte,74,34280,1665,fwk
kwr,77,30260,449,fdj
egw,90,9180,1147,fwe
egw,66,14140,530,ewq
rte,80,25440,809,dvk
ter,64,3900,641,egw
hrh,74,30720,778,wer
ewr,81,25740,155,fwk
krw,87,36980,394,fwk
ewr,83,4460,1453,fwe
egw,66,37140,778,fwe
egw,80,27440,1462,fwk
rte,82,5820,1082,dff
kwr,69,32840,935,fdj
krw,67,21760,656,fwk
egw,90,7480,212,egw
ewr,64,23120,1388,fwe
sdt,65,4680,1544,fwe
hrh,65,20880,479,dff
krw,63,15380,1585,fwk
krw,73,23480,1278,dvk
rte,86,800,1736,fdj
ewr,63,8440,236,ewq
kwr,74,1100,464,fwe
egw,82,23800,1012,wer
egw,65,17620,1576,fwk
krw,68,36160,823,fwk
ewr,84,39580,1727,egw
sdt,78,30020,1538,fdj
krw,85,24040,1357,fdj
kwr,61,33500,794,dvk
egw,85,6080,1190,egw
hrh,78,32880,1268,wer
sdt,75,32760,194,ewq
ter,88,35080,110,dvk
rte,80,34940,1471,fdj
egw,75,15300,1190,fwk
ewr,77,40500,859,dvk
sdt,73,22460,544,fwe
sdt,86,34660,1090,fwk
ewr,69,4080,107,ewq
kwr,61,38620,133,egw
hrh,78,32160,699,egw
rte,61,34340,719,fdj
hrh,66,33900,952,fdj
kwr,85,18800,1210,wer
kwr,86,23640,1196,fwk
rte,86,19000,1436,ewq
ewr,84,6400,1366,dff
